log_key,job_id,array_task_id,method,task_name,status,error_type,first_error,error_context,train_dir,eval_summary_exists,bridge_summary_exists,out_log,err_log
70355_0,70508,0,npo,,train_failed,python_traceback+value_error,Traceback (most recent call last):,"warnings.warn(
Error executing job with overrides: ['experiment=unlearn/tofu/default', 'trainer=NPO', 'task_name=BRIDGE_TOFU_forget10_Llama_3_2_1B_Instruct_npo_seed0_initial', 'model=Llama-3.2-1B-Instruct', 'forget_split=forget10', 'holdout_split=holdout10', 'retain_split=retain90', 'paths.output_dir=results/bridge_initial/BRIDGE_TOFU_forget10_Llama_3_2_1B_Instruct_npo_seed0_initial', 'model.model_args.pretrained_model_name_or_path=open-unlearning/tofu_Llama-3.2-1B-Instruct_full', 'trainer.args.seed=0', 'trainer.args.per_device_train_batch_size=8', 'trainer.args.gradient_accumulation_steps=4', 'trainer.args.num_train_epochs=10', 'trainer.args.learning_rate=1e-5', 'trainer.args.gradient_checkpointing=false', 'trainer.args.do_eval=false', 'trainer.args.eval_on_start=false']
Traceback (most recent call last):
  File ""/home/zkzhang/miniconda3/envs/unlearning/lib/python3.11/site-packages/transformers/utils/hub.py"", line 403, in cached_file
    resolved_file = hf_hub_download(",results/bridge_initial/BRIDGE_TOFU_forget10_Llama_3_2_1B_Instruct_npo_seed0_initial,False,False,logs/bridge_initial-70355_0.out,logs/bridge_initial-70355_0.err
70355_1,70509,1,npo_global_kl,,train_failed,unknown,,,results/bridge_initial/BRIDGE_TOFU_forget10_Llama_3_2_1B_Instruct_npo_global_kl_seed0_initial,False,False,logs/bridge_initial-70355_1.out,logs/bridge_initial-70355_1.err
70355_2,70510,2,bridge_uniform_dro,,train_failed,unknown,,,results/bridge_initial/BRIDGE_TOFU_forget10_Llama_3_2_1B_Instruct_bridge_uniform_dro_seed0_initial,False,False,logs/bridge_initial-70355_2.out,logs/bridge_initial-70355_2.err
70355_3,70511,3,bridge_history_dro,,train_failed,unknown,,,results/bridge_initial/BRIDGE_TOFU_forget10_Llama_3_2_1B_Instruct_bridge_history_dro_seed0_initial,False,False,logs/bridge_initial-70355_3.out,logs/bridge_initial-70355_3.err
70355_4,70512,4,bridge_refresh_gs_dro,,train_failed,unknown,,,results/bridge_initial/BRIDGE_TOFU_forget10_Llama_3_2_1B_Instruct_bridge_refresh_gs_dro_seed0_initial,False,False,logs/bridge_initial-70355_4.out,logs/bridge_initial-70355_4.err
70355_5,70355,5,bridge_refresh_pi_dro,,train_failed,unknown,,,results/bridge_initial/BRIDGE_TOFU_forget10_Llama_3_2_1B_Instruct_bridge_refresh_pi_dro_seed0_initial,False,False,logs/bridge_initial-70355_5.out,logs/bridge_initial-70355_5.err
