model,method,split,slot,metric,value_mean,value_std,n
Llama-3.2-1B-Instruct,CEU,forget,core_themes,exact_memorization,0.8738572239875794,0.0935703287812753,10
Llama-3.2-1B-Instruct,CEU,forget,core_themes,extraction_strength,0.26604162888704613,0.3915641693780694,10
Llama-3.2-1B-Instruct,CEU,forget,core_themes,forget_Q_A_Prob,0.4179778352379799,0.09576229801254761,10
Llama-3.2-1B-Instruct,CEU,forget,core_themes,forget_truth_ratio,1.333785132316142,1.3035637417576842,10
Llama-3.2-1B-Instruct,CEU,forget,genre_and_core_themes,exact_memorization,0.5890107393264771,0.08707467757105,10
Llama-3.2-1B-Instruct,CEU,forget,genre_and_core_themes,extraction_strength,0.11698694135765073,0.18294097286173389,10
Llama-3.2-1B-Instruct,CEU,forget,genre_and_core_themes,forget_Q_A_Prob,0.13374753519892693,0.052833949759697324,10
Llama-3.2-1B-Instruct,CEU,forget,genre_and_core_themes,forget_truth_ratio,0.7315815757133892,0.256031842998119,10
Llama-3.2-1B-Instruct,CEU,forget,representative_work,exact_memorization,0.7706880688667297,0.14642039220028913,10
Llama-3.2-1B-Instruct,CEU,forget,representative_work,extraction_strength,0.19156118391412508,0.2008008103968026,10
Llama-3.2-1B-Instruct,CEU,forget,representative_work,forget_Q_A_Prob,0.3467241764068604,0.09441322899441681,10
Llama-3.2-1B-Instruct,CEU,forget,representative_work,forget_truth_ratio,1.1214313493277273,0.6144814323415647,10
Llama-3.2-1B-Instruct,CEU,forget,writing_style,exact_memorization,0.6186321020126343,0.07859960380438002,10
Llama-3.2-1B-Instruct,CEU,forget,writing_style,extraction_strength,0.05833531283531283,0.02095596459599218,10
Llama-3.2-1B-Instruct,CEU,forget,writing_style,forget_Q_A_Prob,0.13005600012838842,0.057414315100932,10
Llama-3.2-1B-Instruct,CEU,forget,writing_style,forget_truth_ratio,1.3007653478923693,1.1761085488563394,10
Llama-3.2-1B-Instruct,CEU,retain,authored_book,retain_Q_A_Prob,0.7143607985973358,0.12718533564344106,25
Llama-3.2-1B-Instruct,CEU,retain,authored_book,retain_truth_ratio,0.33117719134639684,0.2727239092808867,25
Llama-3.2-1B-Instruct,CEU,retain,award_target_author,retain_Q_A_Prob,0.7538060247898102,0.12915993736007567,4
Llama-3.2-1B-Instruct,CEU,retain,award_target_author,retain_truth_ratio,0.38568087565409603,0.29048382085135477,4
Llama-3.2-1B-Instruct,CEU,retain,award_target_book,retain_Q_A_Prob,0.7237851560115814,0.13368782784676894,10
Llama-3.2-1B-Instruct,CEU,retain,award_target_book,retain_truth_ratio,0.5292868738515989,0.358187927182698,10
Llama-3.2-1B-Instruct,CEU,retain,birth_year,retain_Q_A_Prob,0.7311184075143602,0.11354210282782572,9
Llama-3.2-1B-Instruct,CEU,retain,birth_year,retain_truth_ratio,0.2839456359012973,0.2818948400949736,9
Llama-3.2-1B-Instruct,CEU,retain,birthplace,retain_Q_A_Prob,0.7195823656188117,0.13219191190026872,9
Llama-3.2-1B-Instruct,CEU,retain,birthplace,retain_truth_ratio,0.3521482709862665,0.2510731951653555,9
Llama-3.2-1B-Instruct,CEU,retain,book_award_link,retain_Q_A_Prob,0.6789658516645432,0.1481074416013862,8
Llama-3.2-1B-Instruct,CEU,retain,book_award_link,retain_truth_ratio,0.41721030005598025,0.3431900814674073,8
Llama-3.2-1B-Instruct,CEU,retain,book_theme_link,retain_Q_A_Prob,0.8144558072090149,0.008995991933559266,2
Llama-3.2-1B-Instruct,CEU,retain,book_theme_link,retain_truth_ratio,0.5787820420281109,0.5411179481685066,2
Llama-3.2-1B-Instruct,CEU,retain,book_title,retain_Q_A_Prob,0.7241049194335938,0.12927070222476097,25
Llama-3.2-1B-Instruct,CEU,retain,book_title,retain_truth_ratio,0.32844450168282485,0.3036816195731288,25
Llama-3.2-1B-Instruct,CEU,retain,book_year,retain_Q_A_Prob,0.663528660312295,0.1583190636481991,16
Llama-3.2-1B-Instruct,CEU,retain,book_year,retain_truth_ratio,0.2592949591107727,0.20799761886028215,16
Llama-3.2-1B-Instruct,CEU,retain,father_profession,retain_Q_A_Prob,0.635328299469418,0.19814144566101433,9
Llama-3.2-1B-Instruct,CEU,retain,father_profession,retain_truth_ratio,0.34797391873863753,0.2650970292335597,9
Llama-3.2-1B-Instruct,CEU,retain,full_name,retain_Q_A_Prob,0.7241049194335938,0.12927070222476097,25
Llama-3.2-1B-Instruct,CEU,retain,full_name,retain_truth_ratio,0.32844450168282485,0.3036816195731288,25
Llama-3.2-1B-Instruct,CEU,retain,mother_profession,retain_Q_A_Prob,0.707148962550693,0.11370637826672915,9
Llama-3.2-1B-Instruct,CEU,retain,mother_profession,retain_truth_ratio,0.33573497728136903,0.25331975050460276,9
Llama-3.2-1B-Instruct,CEU,retain,primary_genre,retain_Q_A_Prob,0.7173375719123416,0.15402212571201926,9
Llama-3.2-1B-Instruct,CEU,retain,primary_genre,retain_truth_ratio,0.2775843040036994,0.2516102490065618,9
Llama-3.2-1B-Instruct,CEU,retain,representative_book,retain_Q_A_Prob,0.6506387309895622,0.16967318746740997,18
Llama-3.2-1B-Instruct,CEU,retain,representative_book,retain_truth_ratio,0.2673498738301139,0.10310810271339557,18
Llama-3.2-1B-Instruct,CEU,retain,representative_book_award,retain_Q_A_Prob,0.7230650981267294,0.11911734443664955,18
Llama-3.2-1B-Instruct,CEU,retain,representative_book_award,retain_truth_ratio,0.3857735300520843,0.27918648404590235,18
Llama-3.2-1B-Instruct,CEU,retain,residence_history,retain_Q_A_Prob,0.7173005143801371,0.14962168649777743,9
Llama-3.2-1B-Instruct,CEU,retain,residence_history,retain_truth_ratio,0.3854909021471708,0.30712419884650327,9
Llama-3.2-1B-Instruct,CEU,retain,residence_link,retain_Q_A_Prob,0.6212508690853914,0.16542168029245197,24
Llama-3.2-1B-Instruct,CEU,retain,residence_link,retain_truth_ratio,0.3595543127437241,0.22509641902604002,24
Llama-3.2-1B-Instruct,CEU,retain,selected_award,retain_Q_A_Prob,0.6681768811411328,0.13295882145567148,18
Llama-3.2-1B-Instruct,CEU,retain,selected_award,retain_truth_ratio,0.33046188733317156,0.25445257918977543,18
Llama-3.2-1B-Instruct,CEU,retain,synthetic_contact_token,retain_Q_A_Prob,0.6742992069986131,0.1758746626457522,9
Llama-3.2-1B-Instruct,CEU,retain,synthetic_contact_token,retain_truth_ratio,0.363508371409347,0.2190498862144291,9
Llama-3.2-1B-Instruct,CEU,retain,synthetic_private_id,retain_Q_A_Prob,0.716551211145189,0.12465218609426704,9
Llama-3.2-1B-Instruct,CEU,retain,synthetic_private_id,retain_truth_ratio,0.3550009937693571,0.19924155093344792,9
Llama-3.2-1B-Instruct,NPO,forget,core_themes,exact_memorization,0.8484761595726014,0.06846247175870002,10
Llama-3.2-1B-Instruct,NPO,forget,core_themes,extraction_strength,0.5294705497954472,0.2653467173514291,10
Llama-3.2-1B-Instruct,NPO,forget,core_themes,forget_Q_A_Prob,0.34279498271644115,0.271053258135808,10
Llama-3.2-1B-Instruct,NPO,forget,core_themes,forget_truth_ratio,21.242324678871245,61.27845446115448,10
Llama-3.2-1B-Instruct,NPO,forget,genre_and_core_themes,exact_memorization,0.8238598585128785,0.052242039732613064,10
Llama-3.2-1B-Instruct,NPO,forget,genre_and_core_themes,extraction_strength,0.3350272343979438,0.3363334717097949,10
Llama-3.2-1B-Instruct,NPO,forget,genre_and_core_themes,forget_Q_A_Prob,0.15615644082427024,0.15671106434615617,10
Llama-3.2-1B-Instruct,NPO,forget,genre_and_core_themes,forget_truth_ratio,1.4657992931991417,0.7576868334421417,10
Llama-3.2-1B-Instruct,NPO,forget,representative_work,exact_memorization,0.8820198714733124,0.0797323976977763,10
Llama-3.2-1B-Instruct,NPO,forget,representative_work,extraction_strength,0.44206930324577376,0.32929833183926127,10
Llama-3.2-1B-Instruct,NPO,forget,representative_work,forget_Q_A_Prob,0.42856269236654043,0.36324690385801994,10
Llama-3.2-1B-Instruct,NPO,forget,representative_work,forget_truth_ratio,5.951647589500957,9.49242709591235,10
Llama-3.2-1B-Instruct,NPO,forget,writing_style,exact_memorization,0.8076830208301544,0.07149418000824888,10
Llama-3.2-1B-Instruct,NPO,forget,writing_style,extraction_strength,0.22315471565471565,0.2571158972397835,10
Llama-3.2-1B-Instruct,NPO,forget,writing_style,forget_Q_A_Prob,0.19636904895305635,0.10419811321357735,10
Llama-3.2-1B-Instruct,NPO,forget,writing_style,forget_truth_ratio,4.741312693451453,7.599465425131714,10
Llama-3.2-1B-Instruct,NPO,retain,authored_book,retain_Q_A_Prob,0.8565579247474671,0.1896824554868519,25
Llama-3.2-1B-Instruct,NPO,retain,authored_book,retain_truth_ratio,0.20668523778893536,0.22064414860202286,25
Llama-3.2-1B-Instruct,NPO,retain,award_target_author,retain_Q_A_Prob,0.8891089856624603,0.20756553981163472,4
Llama-3.2-1B-Instruct,NPO,retain,award_target_author,retain_truth_ratio,0.20298071088411004,0.1230482485203373,4
Llama-3.2-1B-Instruct,NPO,retain,award_target_book,retain_Q_A_Prob,0.9261458694934845,0.10823429533986643,10
Llama-3.2-1B-Instruct,NPO,retain,award_target_book,retain_truth_ratio,0.4207257644574224,0.34181225527203596,10
Llama-3.2-1B-Instruct,NPO,retain,birth_year,retain_Q_A_Prob,0.8673634727795919,0.20661347395346255,9
Llama-3.2-1B-Instruct,NPO,retain,birth_year,retain_truth_ratio,0.17826911196958314,0.1922465566656739,9
Llama-3.2-1B-Instruct,NPO,retain,birthplace,retain_Q_A_Prob,0.9272955656051636,0.08476329845474523,9
Llama-3.2-1B-Instruct,NPO,retain,birthplace,retain_truth_ratio,0.2314270270983173,0.2209251336178662,9
Llama-3.2-1B-Instruct,NPO,retain,book_award_link,retain_Q_A_Prob,0.9642585068941116,0.06060764975799378,8
Llama-3.2-1B-Instruct,NPO,retain,book_award_link,retain_truth_ratio,0.27154083414610775,0.26626920112096847,8
Llama-3.2-1B-Instruct,NPO,retain,book_theme_link,retain_Q_A_Prob,0.9818179905414581,0.006726004819611024,2
Llama-3.2-1B-Instruct,NPO,retain,book_theme_link,retain_truth_ratio,0.44897454212834037,0.48267860440991184,2
Llama-3.2-1B-Instruct,NPO,retain,book_title,retain_Q_A_Prob,0.869647204875946,0.14337279404827516,25
Llama-3.2-1B-Instruct,NPO,retain,book_title,retain_truth_ratio,0.20691225375228878,0.24425198286509597,25
Llama-3.2-1B-Instruct,NPO,retain,book_year,retain_Q_A_Prob,0.9225520715117455,0.1204411560268799,16
Llama-3.2-1B-Instruct,NPO,retain,book_year,retain_truth_ratio,0.17897594279660856,0.16744103333879876,16
Llama-3.2-1B-Instruct,NPO,retain,father_profession,retain_Q_A_Prob,0.8987958232561747,0.09860428391500253,9
Llama-3.2-1B-Instruct,NPO,retain,father_profession,retain_truth_ratio,0.24884358208094945,0.2447626318906572,9
Llama-3.2-1B-Instruct,NPO,retain,full_name,retain_Q_A_Prob,0.869647204875946,0.14337279404827516,25
Llama-3.2-1B-Instruct,NPO,retain,full_name,retain_truth_ratio,0.20691225375228878,0.24425198286509597,25
Llama-3.2-1B-Instruct,NPO,retain,mother_profession,retain_Q_A_Prob,0.7874249782827165,0.21636928008269976,9
Llama-3.2-1B-Instruct,NPO,retain,mother_profession,retain_truth_ratio,0.16705520183538375,0.11441962987190422,9
Llama-3.2-1B-Instruct,NPO,retain,primary_genre,retain_Q_A_Prob,0.898741172419654,0.15851644823131072,9
Llama-3.2-1B-Instruct,NPO,retain,primary_genre,retain_truth_ratio,0.15165768270584623,0.1295975436581669,9
Llama-3.2-1B-Instruct,NPO,retain,representative_book,retain_Q_A_Prob,0.8247540460692512,0.22968569152767146,18
Llama-3.2-1B-Instruct,NPO,retain,representative_book,retain_truth_ratio,0.12176594024168806,0.08395843018427661,18
Llama-3.2-1B-Instruct,NPO,retain,representative_book_award,retain_Q_A_Prob,0.8555296725696988,0.2048481196355509,18
Llama-3.2-1B-Instruct,NPO,retain,representative_book_award,retain_truth_ratio,0.2750639121931643,0.2990455842600459,18
Llama-3.2-1B-Instruct,NPO,retain,residence_history,retain_Q_A_Prob,0.8938648932509952,0.20008437842309712,9
Llama-3.2-1B-Instruct,NPO,retain,residence_history,retain_truth_ratio,0.21330833602474214,0.25408709761956966,9
Llama-3.2-1B-Instruct,NPO,retain,residence_link,retain_Q_A_Prob,0.8748895153403282,0.1410318717422438,24
Llama-3.2-1B-Instruct,NPO,retain,residence_link,retain_truth_ratio,0.19853899980628034,0.16234500529224008,24
Llama-3.2-1B-Instruct,NPO,retain,selected_award,retain_Q_A_Prob,0.8554056485493978,0.186715843810652,18
Llama-3.2-1B-Instruct,NPO,retain,selected_award,retain_truth_ratio,0.2252809508791559,0.22062578304731748,18
Llama-3.2-1B-Instruct,NPO,retain,synthetic_contact_token,retain_Q_A_Prob,0.9226595362027487,0.08994870606938243,9
Llama-3.2-1B-Instruct,NPO,retain,synthetic_contact_token,retain_truth_ratio,0.24937812462038852,0.22689608076670298,9
Llama-3.2-1B-Instruct,NPO,retain,synthetic_private_id,retain_Q_A_Prob,0.8814513882001241,0.18328679246221127,9
Llama-3.2-1B-Instruct,NPO,retain,synthetic_private_id,retain_truth_ratio,0.20416656380362894,0.1659717809918944,9
Llama-3.2-1B-Instruct,RMU,forget,core_themes,exact_memorization,0.8577166497707367,0.10338941233786007,10
Llama-3.2-1B-Instruct,RMU,forget,core_themes,extraction_strength,0.6225566591606263,0.2627925481825111,10
Llama-3.2-1B-Instruct,RMU,forget,core_themes,forget_Q_A_Prob,0.4865594252943993,0.26448705574435344,10
Llama-3.2-1B-Instruct,RMU,forget,core_themes,forget_truth_ratio,25.665427159525063,73.70994501497326,10
Llama-3.2-1B-Instruct,RMU,forget,genre_and_core_themes,exact_memorization,0.8282299935817719,0.0653125111786237,10
Llama-3.2-1B-Instruct,RMU,forget,genre_and_core_themes,extraction_strength,0.3683605677312771,0.3735428855542793,10
Llama-3.2-1B-Instruct,RMU,forget,genre_and_core_themes,forget_Q_A_Prob,0.12690941244363785,0.12581720301133983,10
Llama-3.2-1B-Instruct,RMU,forget,genre_and_core_themes,forget_truth_ratio,1.4084469088849025,0.7513193478142083,10
Llama-3.2-1B-Instruct,RMU,forget,representative_work,exact_memorization,0.9072828412055969,0.07376601012109242,10
Llama-3.2-1B-Instruct,RMU,forget,representative_work,extraction_strength,0.5556204579733992,0.3364578689970069,10
Llama-3.2-1B-Instruct,RMU,forget,representative_work,forget_Q_A_Prob,0.4405416030436754,0.36884278461062825,10
Llama-3.2-1B-Instruct,RMU,forget,representative_work,forget_truth_ratio,5.566924130954893,8.777793920281757,10
Llama-3.2-1B-Instruct,RMU,forget,writing_style,exact_memorization,0.8309493899345398,0.06412043976743534,10
Llama-3.2-1B-Instruct,RMU,forget,writing_style,extraction_strength,0.27730856180856184,0.2947678278738842,10
Llama-3.2-1B-Instruct,RMU,forget,writing_style,forget_Q_A_Prob,0.19540879726409913,0.09706655625815865,10
Llama-3.2-1B-Instruct,RMU,forget,writing_style,forget_truth_ratio,4.1929899496306104,6.482401220304135,10
Llama-3.2-1B-Instruct,RMU,retain,authored_book,retain_Q_A_Prob,0.8556627821922302,0.19821146387709937,25
Llama-3.2-1B-Instruct,RMU,retain,authored_book,retain_truth_ratio,0.20423726901587164,0.2201224271727766,25
Llama-3.2-1B-Instruct,RMU,retain,award_target_author,retain_Q_A_Prob,0.9183194786310196,0.1492286646194868,4
Llama-3.2-1B-Instruct,RMU,retain,award_target_author,retain_truth_ratio,0.2037799320323858,0.12538132182649542,4
Llama-3.2-1B-Instruct,RMU,retain,award_target_book,retain_Q_A_Prob,0.9320780813694001,0.12296661282259046,10
Llama-3.2-1B-Instruct,RMU,retain,award_target_book,retain_truth_ratio,0.42077388645291586,0.3470804810205767,10
Llama-3.2-1B-Instruct,RMU,retain,birth_year,retain_Q_A_Prob,0.8588177263736725,0.22291694293717523,9
Llama-3.2-1B-Instruct,RMU,retain,birth_year,retain_truth_ratio,0.17411290929755122,0.18467104415111182,9
Llama-3.2-1B-Instruct,RMU,retain,birthplace,retain_Q_A_Prob,0.9410187204678854,0.07189899575913604,9
Llama-3.2-1B-Instruct,RMU,retain,birthplace,retain_truth_ratio,0.22651344995715295,0.20979022567224553,9
Llama-3.2-1B-Instruct,RMU,retain,book_award_link,retain_Q_A_Prob,0.9708317667245865,0.04152377507586438,8
Llama-3.2-1B-Instruct,RMU,retain,book_award_link,retain_truth_ratio,0.2669938465838839,0.26555128448430826,8
Llama-3.2-1B-Instruct,RMU,retain,book_theme_link,retain_Q_A_Prob,0.9779059290885925,0.0063452923370121185,2
Llama-3.2-1B-Instruct,RMU,retain,book_theme_link,retain_truth_ratio,0.47989126123317605,0.5211697871088421,2
Llama-3.2-1B-Instruct,RMU,retain,book_title,retain_Q_A_Prob,0.8702906131744385,0.1484379503932356,25
Llama-3.2-1B-Instruct,RMU,retain,book_title,retain_truth_ratio,0.21158551135024342,0.2572836353857932,25
Llama-3.2-1B-Instruct,RMU,retain,book_year,retain_Q_A_Prob,0.9280539304018021,0.1131161181206229,16
Llama-3.2-1B-Instruct,RMU,retain,book_year,retain_truth_ratio,0.1738962898102617,0.1619209341042781,16
Llama-3.2-1B-Instruct,RMU,retain,father_profession,retain_Q_A_Prob,0.9134892159038119,0.08306844684773576,9
Llama-3.2-1B-Instruct,RMU,retain,father_profession,retain_truth_ratio,0.2469905930543417,0.25273566536340136,9
Llama-3.2-1B-Instruct,RMU,retain,full_name,retain_Q_A_Prob,0.8702906131744385,0.1484379503932356,25
Llama-3.2-1B-Instruct,RMU,retain,full_name,retain_truth_ratio,0.21158551135024342,0.2572836353857932,25
Llama-3.2-1B-Instruct,RMU,retain,mother_profession,retain_Q_A_Prob,0.7747310598691305,0.227618695279585,9
Llama-3.2-1B-Instruct,RMU,retain,mother_profession,retain_truth_ratio,0.1674130373024268,0.1130845982671361,9
Llama-3.2-1B-Instruct,RMU,retain,primary_genre,retain_Q_A_Prob,0.8913031783368852,0.16588421735068673,9
Llama-3.2-1B-Instruct,RMU,retain,primary_genre,retain_truth_ratio,0.1503778350953492,0.12702983564732653,9
Llama-3.2-1B-Instruct,RMU,retain,representative_book,retain_Q_A_Prob,0.8426930142773522,0.21880068346336973,18
Llama-3.2-1B-Instruct,RMU,retain,representative_book,retain_truth_ratio,0.11997084866534172,0.08471670617263082,18
Llama-3.2-1B-Instruct,RMU,retain,representative_book_award,retain_Q_A_Prob,0.8679825100633833,0.19256544225889088,18
Llama-3.2-1B-Instruct,RMU,retain,representative_book_award,retain_truth_ratio,0.2761205731053664,0.29711984724171275,18
Llama-3.2-1B-Instruct,RMU,retain,residence_history,retain_Q_A_Prob,0.8949751622147031,0.19821194567909653,9
Llama-3.2-1B-Instruct,RMU,retain,residence_history,retain_truth_ratio,0.2113040827867774,0.2469472538168672,9
Llama-3.2-1B-Instruct,RMU,retain,residence_link,retain_Q_A_Prob,0.8953268453478813,0.1257165371514906,24
Llama-3.2-1B-Instruct,RMU,retain,residence_link,retain_truth_ratio,0.19590910182537188,0.1605556312831085,24
Llama-3.2-1B-Instruct,RMU,retain,selected_award,retain_Q_A_Prob,0.8749787625339296,0.17406433547236366,18
Llama-3.2-1B-Instruct,RMU,retain,selected_award,retain_truth_ratio,0.22184407663505415,0.21460701432532325,18
Llama-3.2-1B-Instruct,RMU,retain,synthetic_contact_token,retain_Q_A_Prob,0.9326022664705912,0.0873434651013023,9
Llama-3.2-1B-Instruct,RMU,retain,synthetic_contact_token,retain_truth_ratio,0.2476223220806751,0.22798906776534253,9
Llama-3.2-1B-Instruct,RMU,retain,synthetic_private_id,retain_Q_A_Prob,0.8987698985470666,0.18124598312919152,9
Llama-3.2-1B-Instruct,RMU,retain,synthetic_private_id,retain_truth_ratio,0.20079698919987832,0.1692657871765727,9
Llama-3.2-1B-Instruct,SimNPO_pcgrad,forget,core_themes,exact_memorization,0.9976744174957275,0.007354137600139236,10
Llama-3.2-1B-Instruct,SimNPO_pcgrad,forget,core_themes,extraction_strength,0.9790697674418605,0.06618720684073352,10
Llama-3.2-1B-Instruct,SimNPO_pcgrad,forget,core_themes,forget_Q_A_Prob,0.9470165073871613,0.049402472560678264,10
Llama-3.2-1B-Instruct,SimNPO_pcgrad,forget,core_themes,forget_truth_ratio,11.467223275400917,28.779772293361127,10
Llama-3.2-1B-Instruct,SimNPO_pcgrad,forget,genre_and_core_themes,exact_memorization,0.9255743324756622,0.05031041885440784,10
Llama-3.2-1B-Instruct,SimNPO_pcgrad,forget,genre_and_core_themes,extraction_strength,0.5076546070253164,0.474636887247081,10
Llama-3.2-1B-Instruct,SimNPO_pcgrad,forget,genre_and_core_themes,forget_Q_A_Prob,0.7353391230106354,0.14857021502881587,10
Llama-3.2-1B-Instruct,SimNPO_pcgrad,forget,genre_and_core_themes,forget_truth_ratio,1.49654992061878,0.7810954546187752,10
Llama-3.2-1B-Instruct,SimNPO_pcgrad,forget,representative_work,exact_memorization,0.974428915977478,0.034783298345247,10
Llama-3.2-1B-Instruct,SimNPO_pcgrad,forget,representative_work,extraction_strength,0.9744289044289044,0.03478331436379671,10
Llama-3.2-1B-Instruct,SimNPO_pcgrad,forget,representative_work,forget_Q_A_Prob,0.9194476008415222,0.06782179865593378,10
Llama-3.2-1B-Instruct,SimNPO_pcgrad,forget,representative_work,forget_truth_ratio,3.907260441305226,4.492015113423929,10
Llama-3.2-1B-Instruct,SimNPO_pcgrad,forget,writing_style,exact_memorization,0.9372220933437347,0.05221434044430382,10
Llama-3.2-1B-Instruct,SimNPO_pcgrad,forget,writing_style,extraction_strength,0.6298702223702224,0.4325275111759044,10
Llama-3.2-1B-Instruct,SimNPO_pcgrad,forget,writing_style,forget_Q_A_Prob,0.8347038745880127,0.1221708300952722,10
Llama-3.2-1B-Instruct,SimNPO_pcgrad,forget,writing_style,forget_truth_ratio,3.8486826505737257,4.378957332349857,10
Llama-3.2-1B-Instruct,SimNPO_pcgrad,retain,authored_book,retain_Q_A_Prob,0.9862095379829406,0.026951790674307075,25
Llama-3.2-1B-Instruct,SimNPO_pcgrad,retain,authored_book,retain_truth_ratio,0.22722094300372833,0.22216155439603055,25
Llama-3.2-1B-Instruct,SimNPO_pcgrad,retain,award_target_author,retain_Q_A_Prob,0.9991107434034348,0.0006147085964549172,4
Llama-3.2-1B-Instruct,SimNPO_pcgrad,retain,award_target_author,retain_truth_ratio,0.22425418611697318,0.13458961685634663,4
Llama-3.2-1B-Instruct,SimNPO_pcgrad,retain,award_target_book,retain_Q_A_Prob,0.9775924146175384,0.027931141731724778,10
Llama-3.2-1B-Instruct,SimNPO_pcgrad,retain,award_target_book,retain_truth_ratio,0.4103934695037733,0.30144159329258513,10
Llama-3.2-1B-Instruct,SimNPO_pcgrad,retain,birth_year,retain_Q_A_Prob,0.9944532381163703,0.005914950418459109,9
Llama-3.2-1B-Instruct,SimNPO_pcgrad,retain,birth_year,retain_truth_ratio,0.1896202904851986,0.19281032679843654,9
Llama-3.2-1B-Instruct,SimNPO_pcgrad,retain,birthplace,retain_Q_A_Prob,0.9952157934506735,0.005750705173437734,9
Llama-3.2-1B-Instruct,SimNPO_pcgrad,retain,birthplace,retain_truth_ratio,0.24625409366078838,0.20452429761732133,9
Llama-3.2-1B-Instruct,SimNPO_pcgrad,retain,book_award_link,retain_Q_A_Prob,0.9854384139180183,0.015412699522014631,8
Llama-3.2-1B-Instruct,SimNPO_pcgrad,retain,book_award_link,retain_truth_ratio,0.3197417522135764,0.324483282601005,8
Llama-3.2-1B-Instruct,SimNPO_pcgrad,retain,book_theme_link,retain_Q_A_Prob,0.9865937829017639,0.01778908893838709,2
Llama-3.2-1B-Instruct,SimNPO_pcgrad,retain,book_theme_link,retain_truth_ratio,0.36498548573795736,0.3211709650664648,2
Llama-3.2-1B-Instruct,SimNPO_pcgrad,retain,book_title,retain_Q_A_Prob,0.9937601733207703,0.009725791049861713,25
Llama-3.2-1B-Instruct,SimNPO_pcgrad,retain,book_title,retain_truth_ratio,0.22034349844196194,0.22458195330006986,25
Llama-3.2-1B-Instruct,SimNPO_pcgrad,retain,book_year,retain_Q_A_Prob,0.9600954055786133,0.06278491932158155,16
Llama-3.2-1B-Instruct,SimNPO_pcgrad,retain,book_year,retain_truth_ratio,0.1922970818516659,0.17104252383894053,16
Llama-3.2-1B-Instruct,SimNPO_pcgrad,retain,father_profession,retain_Q_A_Prob,0.9862861368391249,0.015566757899975615,9
Llama-3.2-1B-Instruct,SimNPO_pcgrad,retain,father_profession,retain_truth_ratio,0.26186684499920404,0.25402090409625433,9
Llama-3.2-1B-Instruct,SimNPO_pcgrad,retain,full_name,retain_Q_A_Prob,0.9937601733207703,0.009725791049861713,25
Llama-3.2-1B-Instruct,SimNPO_pcgrad,retain,full_name,retain_truth_ratio,0.22034349844196194,0.22458195330006986,25
Llama-3.2-1B-Instruct,SimNPO_pcgrad,retain,mother_profession,retain_Q_A_Prob,0.9972228672769334,0.0020835940052302414,9
Llama-3.2-1B-Instruct,SimNPO_pcgrad,retain,mother_profession,retain_truth_ratio,0.21900427263324826,0.2028354177988312,9
Llama-3.2-1B-Instruct,SimNPO_pcgrad,retain,primary_genre,retain_Q_A_Prob,0.9902517331971062,0.02190229112487183,9
Llama-3.2-1B-Instruct,SimNPO_pcgrad,retain,primary_genre,retain_truth_ratio,0.17649052392102094,0.15056025293637676,9
Llama-3.2-1B-Instruct,SimNPO_pcgrad,retain,representative_book,retain_Q_A_Prob,0.9567911856704288,0.06777875577875778,18
Llama-3.2-1B-Instruct,SimNPO_pcgrad,retain,representative_book,retain_truth_ratio,0.14142704865778988,0.08451551180136613,18
Llama-3.2-1B-Instruct,SimNPO_pcgrad,retain,representative_book_award,retain_Q_A_Prob,0.9753283129798042,0.04464341954577438,18
Llama-3.2-1B-Instruct,SimNPO_pcgrad,retain,representative_book_award,retain_truth_ratio,0.27507279331634016,0.24450963060047615,18
Llama-3.2-1B-Instruct,SimNPO_pcgrad,retain,residence_history,retain_Q_A_Prob,0.9976119796435038,0.00162139144843657,9
Llama-3.2-1B-Instruct,SimNPO_pcgrad,retain,residence_history,retain_truth_ratio,0.23766851153784044,0.23992922886321177,9
Llama-3.2-1B-Instruct,SimNPO_pcgrad,retain,residence_link,retain_Q_A_Prob,0.9642610227068266,0.07163831286440385,24
Llama-3.2-1B-Instruct,SimNPO_pcgrad,retain,residence_link,retain_truth_ratio,0.2278800240997045,0.1707906334174378,24
Llama-3.2-1B-Instruct,SimNPO_pcgrad,retain,selected_award,retain_Q_A_Prob,0.9610696335633596,0.051083496449534305,18
Llama-3.2-1B-Instruct,SimNPO_pcgrad,retain,selected_award,retain_truth_ratio,0.26597329454630564,0.28130682578183935,18
Llama-3.2-1B-Instruct,SimNPO_pcgrad,retain,synthetic_contact_token,retain_Q_A_Prob,0.982679459783766,0.030816600524178266,9
Llama-3.2-1B-Instruct,SimNPO_pcgrad,retain,synthetic_contact_token,retain_truth_ratio,0.2430270866971681,0.19710586501757307,9
Llama-3.2-1B-Instruct,SimNPO_pcgrad,retain,synthetic_private_id,retain_Q_A_Prob,0.9908154010772705,0.012662643205391797,9
Llama-3.2-1B-Instruct,SimNPO_pcgrad,retain,synthetic_private_id,retain_truth_ratio,0.2260221444803997,0.15993950187925096,9
Llama-3.2-1B-Instruct,SimNPO_sago,forget,core_themes,exact_memorization,1.0,0.0,10
Llama-3.2-1B-Instruct,SimNPO_sago,forget,core_themes,extraction_strength,1.0,0.0,10
Llama-3.2-1B-Instruct,SimNPO_sago,forget,core_themes,forget_Q_A_Prob,0.9840743005275726,0.011376321384259288,10
Llama-3.2-1B-Instruct,SimNPO_sago,forget,core_themes,forget_truth_ratio,23.55073075786479,66.48261474328892,10
Llama-3.2-1B-Instruct,SimNPO_sago,forget,genre_and_core_themes,exact_memorization,0.9643528938293457,0.040541463870264936,10
Llama-3.2-1B-Instruct,SimNPO_sago,forget,genre_and_core_themes,extraction_strength,0.6163614074712473,0.48052386774317635,10
Llama-3.2-1B-Instruct,SimNPO_sago,forget,genre_and_core_themes,forget_Q_A_Prob,0.9073791682720185,0.1025525747438376,10
Llama-3.2-1B-Instruct,SimNPO_sago,forget,genre_and_core_themes,forget_truth_ratio,1.6551568447431868,0.9015057284478023,10
Llama-3.2-1B-Instruct,SimNPO_sago,forget,representative_work,exact_memorization,1.0,0.0,10
Llama-3.2-1B-Instruct,SimNPO_sago,forget,representative_work,extraction_strength,1.0,0.0,10
Llama-3.2-1B-Instruct,SimNPO_sago,forget,representative_work,forget_Q_A_Prob,0.986169308423996,0.006487464665942312,10
Llama-3.2-1B-Instruct,SimNPO_sago,forget,representative_work,forget_truth_ratio,5.229092633505421,6.824467959488552,10
Llama-3.2-1B-Instruct,SimNPO_sago,forget,writing_style,exact_memorization,0.9805925965309144,0.03855300680703422,10
Llama-3.2-1B-Instruct,SimNPO_sago,forget,writing_style,extraction_strength,0.7644444444444445,0.37973028877290405,10
Llama-3.2-1B-Instruct,SimNPO_sago,forget,writing_style,forget_Q_A_Prob,0.9312147796154022,0.08612067535648722,10
Llama-3.2-1B-Instruct,SimNPO_sago,forget,writing_style,forget_truth_ratio,4.416945968173308,5.388647114794038,10
Llama-3.2-1B-Instruct,SimNPO_sago,retain,authored_book,retain_Q_A_Prob,0.9931524777412415,0.011467042377257531,25
Llama-3.2-1B-Instruct,SimNPO_sago,retain,authored_book,retain_truth_ratio,0.22204988344831278,0.22532777805897222,25
Llama-3.2-1B-Instruct,SimNPO_sago,retain,award_target_author,retain_Q_A_Prob,0.9992332458496094,0.0005960171592987068,4
Llama-3.2-1B-Instruct,SimNPO_sago,retain,award_target_author,retain_truth_ratio,0.20848230167431114,0.12199531461473889,4
Llama-3.2-1B-Instruct,SimNPO_sago,retain,award_target_book,retain_Q_A_Prob,0.9800136148929596,0.026035800758288964,10
Llama-3.2-1B-Instruct,SimNPO_sago,retain,award_target_book,retain_truth_ratio,0.40498328329061817,0.307302658937128,10
Llama-3.2-1B-Instruct,SimNPO_sago,retain,birth_year,retain_Q_A_Prob,0.9957425329420302,0.0043417835896694245,9
Llama-3.2-1B-Instruct,SimNPO_sago,retain,birth_year,retain_truth_ratio,0.18486212207975422,0.19156542350814307,9
Llama-3.2-1B-Instruct,SimNPO_sago,retain,birthplace,retain_Q_A_Prob,0.9960384832488166,0.003538860536504199,9
Llama-3.2-1B-Instruct,SimNPO_sago,retain,birthplace,retain_truth_ratio,0.23612996481985327,0.1997868460797727,9
Llama-3.2-1B-Instruct,SimNPO_sago,retain,book_award_link,retain_Q_A_Prob,0.9896417483687401,0.011513952747436084,8
Llama-3.2-1B-Instruct,SimNPO_sago,retain,book_award_link,retain_truth_ratio,0.30850595438920625,0.3135479287274243,8
Llama-3.2-1B-Instruct,SimNPO_sago,retain,book_theme_link,retain_Q_A_Prob,0.9940145909786224,0.007370851601827703,2
Llama-3.2-1B-Instruct,SimNPO_sago,retain,book_theme_link,retain_truth_ratio,0.37854734983451543,0.34447538414574863,2
Llama-3.2-1B-Instruct,SimNPO_sago,retain,book_title,retain_Q_A_Prob,0.9946341753005982,0.009518365032778961,25
Llama-3.2-1B-Instruct,SimNPO_sago,retain,book_title,retain_truth_ratio,0.21861836122475758,0.22656970503761037,25
Llama-3.2-1B-Instruct,SimNPO_sago,retain,book_year,retain_Q_A_Prob,0.9639699943363667,0.06638335026576547,16
Llama-3.2-1B-Instruct,SimNPO_sago,retain,book_year,retain_truth_ratio,0.1869978161766747,0.16719266154286583,16
Llama-3.2-1B-Instruct,SimNPO_sago,retain,father_profession,retain_Q_A_Prob,0.9907916585604349,0.006460908301279138,9
Llama-3.2-1B-Instruct,SimNPO_sago,retain,father_profession,retain_truth_ratio,0.2490758501493461,0.2448545455986557,9
Llama-3.2-1B-Instruct,SimNPO_sago,retain,full_name,retain_Q_A_Prob,0.9946341753005982,0.009518365032778961,25
Llama-3.2-1B-Instruct,SimNPO_sago,retain,full_name,retain_truth_ratio,0.21861836122475758,0.22656970503761037,25
Llama-3.2-1B-Instruct,SimNPO_sago,retain,mother_profession,retain_Q_A_Prob,0.9982141786151462,0.001105343252841168,9
Llama-3.2-1B-Instruct,SimNPO_sago,retain,mother_profession,retain_truth_ratio,0.20465685828489877,0.17256110948355405,9
Llama-3.2-1B-Instruct,SimNPO_sago,retain,primary_genre,retain_Q_A_Prob,0.9943104651239183,0.012741977398216421,9
Llama-3.2-1B-Instruct,SimNPO_sago,retain,primary_genre,retain_truth_ratio,0.1708742561374889,0.1491680630552682,9
Llama-3.2-1B-Instruct,SimNPO_sago,retain,representative_book,retain_Q_A_Prob,0.9708253741264343,0.0568947309314192,18
Llama-3.2-1B-Instruct,SimNPO_sago,retain,representative_book,retain_truth_ratio,0.13403862765063074,0.08376640156391467,18
Llama-3.2-1B-Instruct,SimNPO_sago,retain,representative_book_award,retain_Q_A_Prob,0.9804449246989356,0.03989447278851717,18
Llama-3.2-1B-Instruct,SimNPO_sago,retain,representative_book_award,retain_truth_ratio,0.27352232842372,0.2575430913936451,18
Llama-3.2-1B-Instruct,SimNPO_sago,retain,residence_history,retain_Q_A_Prob,0.9983876943588257,0.0006971248843828086,9
Llama-3.2-1B-Instruct,SimNPO_sago,retain,residence_history,retain_truth_ratio,0.2271977886247779,0.24217840465296886,9
Llama-3.2-1B-Instruct,SimNPO_sago,retain,residence_link,retain_Q_A_Prob,0.968425969282786,0.0657818497754203,24
Llama-3.2-1B-Instruct,SimNPO_sago,retain,residence_link,retain_truth_ratio,0.22824511175828377,0.18470502816433376,24
Llama-3.2-1B-Instruct,SimNPO_sago,retain,selected_award,retain_Q_A_Prob,0.9678228497505188,0.04479881237217433,18
Llama-3.2-1B-Instruct,SimNPO_sago,retain,selected_award,retain_truth_ratio,0.2595688794012748,0.2757843844350201,18
Llama-3.2-1B-Instruct,SimNPO_sago,retain,synthetic_contact_token,retain_Q_A_Prob,0.9852884411811829,0.028884755715689384,9
Llama-3.2-1B-Instruct,SimNPO_sago,retain,synthetic_contact_token,retain_truth_ratio,0.24858961747779107,0.21475422665037439,9
Llama-3.2-1B-Instruct,SimNPO_sago,retain,synthetic_private_id,retain_Q_A_Prob,0.9924847748544481,0.009066575697167276,9
Llama-3.2-1B-Instruct,SimNPO_sago,retain,synthetic_private_id,retain_truth_ratio,0.2133760679198018,0.16059980457662623,9
