backbone,elapsed_seconds,forget_batch_size,forget_split,learning_rate,mean_damage,mean_pi,model_name,pearson,probe_batches,probe_learning_rate,retain_split,run,seed,spearman,summary_path,top0.05_damage_lift,top0.05_damage_ratio,top0.05_enrichment,top0.05_precision,top0.05_pred_damage,top0.05_random_damage,top0.1_damage_lift,top0.1_damage_ratio,top0.1_enrichment,top0.1_precision,top0.1_pred_damage,top0.1_random_damage,top0.2_damage_lift,top0.2_damage_ratio,top0.2_enrichment,top0.2_precision,top0.2_pred_damage,top0.2_random_damage,train_loss_first,train_loss_last,train_steps
GradAscent,126.08238577842712,1,forget01,1e-06,0.06090408930182457,0.0033099137619137763,Llama-2-7b-chat-hf,0.6820917279902036,4,1e-06,retain99,Llama-2-7b-chat-hf_forget01_retain99_GradAscent_seed0_fb1_pb4_full_65548_36,0,0.7060698981709486,results/piper_pi_probe/Llama-2-7b-chat-hf_forget01_retain99_GradAscent_seed0_fb1_pb4_full_65548_36/summary.json,0.08856255468130111,2.471202223088992,10.4,0.52,0.14875995874404907,0.060197404062747956,0.06818641245663165,2.1285711091809785,5.6000000000000005,0.56,0.12860476970672607,0.060418357250094416,0.047725904649496075,1.7846992950438596,2.8499999999999996,0.57,0.10854653358459472,0.060820628935098646,-0.32884442806243896,-0.43322521448135376,40
GradAscent,192.81810069084167,1,forget01,1e-06,0.06023394230008125,0.0022344929203391077,Llama-2-7b-chat-hf,0.5654940137503015,8,1e-06,retain99,Llama-2-7b-chat-hf_forget01_retain99_GradAscent_seed0_fb1_pb8_full_65549_37,0,0.5905738182952731,results/piper_pi_probe/Llama-2-7b-chat-hf_forget01_retain99_GradAscent_seed0_fb1_pb8_full_65549_37/summary.json,0.07065551592111588,2.1897666691087774,8.799999999999999,0.44,0.13004154324531556,0.059386027324199675,0.05752975869774818,1.9632569025558537,4.8,0.48,0.11725396990776062,0.05972421121001244,0.04245456579476595,1.7058124859373252,2.7,0.54,0.1026044875383377,0.060149921743571755,-0.3286120891571045,-0.4325091540813446,40
GradAscent,126.00942897796631,2,forget01,1e-06,0.08331426069140434,0.002030169926583767,Llama-2-7b-chat-hf,0.5120296132922105,4,1e-06,retain99,Llama-2-7b-chat-hf_forget01_retain99_GradAscent_seed0_fb2_pb4_full_65551_38,0,0.5137623750495002,results/piper_pi_probe/Llama-2-7b-chat-hf_forget01_retain99_GradAscent_seed0_fb2_pb4_full_65551_38/summary.json,0.11198608644902706,2.3622255243276387,8.799999999999999,0.44,0.19419427037239076,0.0822081839233637,0.07938545400798322,1.9619961267207997,5.0,0.5,0.16190704822540283,0.08252159421741961,0.05587279647216199,1.6713511479864227,2.4499999999999997,0.49,0.1390971964597702,0.08322439998760821,-0.3853803277015686,-0.5979272723197937,40
GradAscent,193.18877148628235,2,forget01,1e-06,0.08342465507984162,0.0014770643301308154,Llama-2-7b-chat-hf,0.3915510816032247,8,1e-06,retain99,Llama-2-7b-chat-hf_forget01_retain99_GradAscent_seed0_fb2_pb8_full_65552_39,0,0.37650352201408804,results/piper_pi_probe/Llama-2-7b-chat-hf_forget01_retain99_GradAscent_seed0_fb2_pb8_full_65552_39/summary.json,0.09925719579458236,2.2070339513908377,8.0,0.4,0.18148951053619386,0.0822323147416115,0.06783351041078567,1.8205983355916864,3.8,0.38,0.150496985912323,0.08266347550153733,0.049378662704676404,1.5930239078755228,2.4,0.48,0.13264455139636994,0.08326588869169353,-0.3826330006122589,-0.596217155456543,40
GradAscent,125.47758626937866,1,forget01,1e-06,0.06113826844096184,0.003186100460588932,Llama-2-7b-chat-hf,0.6475545633129804,4,1e-06,retain99,Llama-2-7b-chat-hf_forget01_retain99_GradAscent_seed1_fb1_pb4_full_65553_40,1,0.6824328417313669,results/piper_pi_probe/Llama-2-7b-chat-hf_forget01_retain99_GradAscent_seed1_fb1_pb4_full_65553_40/summary.json,0.07663075612187387,2.2434707857944653,9.6,0.48,0.1382572591304779,0.06162650300860404,0.05984508494734764,1.9857952231262062,4.8,0.48,0.12055250525474548,0.06070742030739784,0.042030753966420885,1.683821557576902,2.75,0.55,0.10349525958299637,0.06146450561657548,-0.49031782150268555,-0.8660877346992493,40
GradAscent,191.82464790344238,1,forget01,1e-06,0.06138763418793678,0.0023556963838636874,Llama-2-7b-chat-hf,0.5763680721295383,8,1e-06,retain99,Llama-2-7b-chat-hf_forget01_retain99_GradAscent_seed1_fb1_pb8_full_65554_41,1,0.6094170616682466,results/piper_pi_probe/Llama-2-7b-chat-hf_forget01_retain99_GradAscent_seed1_fb1_pb8_full_65554_41/summary.json,0.07287379542589187,2.179717842513988,8.0,0.4,0.1346460199356079,0.06177222450971603,0.05759182443469763,1.9453052194081644,5.0,0.5,0.11851587653160095,0.06092405209690332,0.04015468234121799,1.6503256107589155,2.7,0.54,0.10190018594264984,0.06174550360143185,-0.4877264201641083,-0.8534532189369202,40
GradAscent,124.09548807144165,2,forget01,1e-06,0.0759306527376175,0.0024314251989126204,Llama-2-7b-chat-hf,0.5584262164499663,4,1e-06,retain99,Llama-2-7b-chat-hf_forget01_retain99_GradAscent_seed1_fb2_pb4_full_65556_42,1,0.5614182136728547,results/piper_pi_probe/Llama-2-7b-chat-hf_forget01_retain99_GradAscent_seed1_fb2_pb4_full_65556_42/summary.json,0.0906997881382704,2.1855154689929095,9.6,0.48,0.16720641374588013,0.07650662560760974,0.0702779933989048,1.9326319225624442,5.2,0.52,0.14563247323036194,0.07535447983145714,0.0470717339143157,1.616622079822904,2.55,0.51,0.12340979486703872,0.07633806095272302,-0.4148876965045929,-0.47308486700057983,40
GradAscent,190.7433319091797,2,forget01,1e-06,0.07548978966474533,0.001999890971928835,Llama-2-7b-chat-hf,0.5086422519458709,8,1e-06,retain99,Llama-2-7b-chat-hf_forget01_retain99_GradAscent_seed1_fb2_pb8_full_65559_43,1,0.5102973371893488,results/piper_pi_probe/Llama-2-7b-chat-hf_forget01_retain99_GradAscent_seed1_fb2_pb8_full_65559_43/summary.json,0.08450738479197026,2.112673619925586,7.199999999999999,0.36,0.16045722603797913,0.07594984124600887,0.06208553463667632,1.828263394077652,4.0,0.4,0.1370442193746567,0.07495868473798037,0.04326322334855795,1.570061138831138,2.6,0.52,0.11915547490119933,0.07589225155264138,-0.4178597927093506,-0.4694284200668335,40
GradAscent,120.69395327568054,1,forget01,1e-06,0.06017826822400093,0.002157291501760483,Llama-2-7b-chat-hf,0.4199731726210291,4,1e-06,retain99,Llama-2-7b-chat-hf_forget01_retain99_GradAscent_seed2_fb1_pb4_full_65561_44,2,0.43381488725954903,results/piper_pi_probe/Llama-2-7b-chat-hf_forget01_retain99_GradAscent_seed2_fb1_pb4_full_65561_44/summary.json,0.07106205873787401,2.1921647933629367,8.0,0.4,0.13066963911056517,0.05960758037269116,0.05058957558870315,1.8430208308989464,4.3999999999999995,0.44,0.11059945166110992,0.060009876072406765,0.03572854976430535,1.5913899099859181,2.4499999999999997,0.49,0.09614309042692185,0.06041454066261649,-0.33326011896133423,-0.45416656136512756,40
GradAscent,186.43183660507202,1,forget01,1e-06,0.05999281415343285,0.00222199859470129,Llama-2-7b-chat-hf,0.5089006444351636,8,1e-06,retain99,Llama-2-7b-chat-hf_forget01_retain99_GradAscent_seed2_fb1_pb8_full_65562_45,2,0.48285735542942176,results/piper_pi_probe/Llama-2-7b-chat-hf_forget01_retain99_GradAscent_seed2_fb1_pb8_full_65562_45/summary.json,0.0784536454051733,2.3218117674974543,8.0,0.4,0.13780676007270812,0.059353114667534825,0.0554126876309514,1.9268260608800074,5.4,0.54,0.11520026803016663,0.05978758039921523,0.040310348689556116,1.6694056178752237,2.75,0.55,0.10052846997976303,0.060218121290206914,-0.33208727836608887,-0.4525308609008789,40
GradAscent,120.04498243331909,2,forget01,1e-06,0.07699168321490288,0.0019291918501257897,Llama-2-7b-chat-hf,0.3722475201969395,4,1e-06,retain99,Llama-2-7b-chat-hf_forget01_retain99_GradAscent_seed2_fb2_pb4_full_65565_46,2,0.41353403813615247,results/piper_pi_probe/Llama-2-7b-chat-hf_forget01_retain99_GradAscent_seed2_fb2_pb4_full_65565_46/summary.json,0.08481624835133553,2.1127018664121016,8.0,0.4,0.1610417413711548,0.07622549301981926,0.06568890233486892,1.857142097454518,5.0,0.5,0.14232602298259736,0.07663712064772844,0.041356616576761,1.5352418740826315,2.1999999999999997,0.44,0.11862377107143401,0.07726715449467302,-0.3005007207393646,-0.512349545955658,40
GradAscent,185.2933156490326,2,forget01,1e-06,0.07721308776736259,0.0015531377159059049,Llama-2-7b-chat-hf,0.3268549499334895,8,1e-06,retain99,Llama-2-7b-chat-hf_forget01_retain99_GradAscent_seed2_fb2_pb8_full_65566_47,2,0.3460552722210889,results/piper_pi_probe/Llama-2-7b-chat-hf_forget01_retain99_GradAscent_seed2_fb2_pb8_full_65566_47/summary.json,0.08296105922162532,2.084026417249774,8.0,0.4,0.15949153661727905,0.07653047739565373,0.06088957341760398,1.7921242652347844,4.3999999999999995,0.44,0.137758287191391,0.07686871377378701,0.03867891886681318,1.4991710353205765,2.0999999999999996,0.42,0.11616522341966629,0.0774863045528531,-0.3043286204338074,-0.5125529170036316,40
NPO,149.3141052722931,1,forget01,1e-05,1.235044899493456,0.13258188352361322,Llama-2-7b-chat-hf,0.38010281664643164,4,1e-05,retain99,Llama-2-7b-chat-hf_forget01_retain99_NPO_seed0_fb1_pb4_full_65415_0,0,0.40666377065508263,results/piper_pi_probe/Llama-2-7b-chat-hf_forget01_retain99_NPO_seed0_fb1_pb4_full_65415_0/summary.json,0.5388115779370068,1.4388185814232362,4.8,0.24,1.7666802251338958,1.227868647196889,0.4320199801027773,1.3519319479675784,2.9999999999999996,0.3,1.65958679407835,1.2275668139755727,0.2746078120462596,1.2220079918205704,2.05,0.41,1.5115354099869729,1.2369275979407133,14.077707290649414,0.1347402185201645,80
NPO,205.92138195037842,1,forget01,1e-05,1.2314548181593419,0.19232011712156236,Llama-2-7b-chat-hf,0.7874356418339385,8,1e-05,retain99,Llama-2-7b-chat-hf_forget01_retain99_NPO_seed0_fb1_pb8_full_65418_1,0,0.6899613838455353,results/piper_pi_probe/Llama-2-7b-chat-hf_forget01_retain99_NPO_seed0_fb1_pb8_full_65418_1/summary.json,1.2135256224840878,1.9912101735231906,13.6,0.68,2.4378125143051146,1.2242868918210268,0.8692005358159542,1.7105739623231044,6.3999999999999995,0.64,2.0924377804994583,1.223237244683504,0.5567068528138102,1.4513668161795226,3.4499999999999997,0.69,1.7900869615375996,1.2333801087237894,13.886853218078613,0.13558076322078705,80
NPO,143.15335369110107,2,forget01,1e-05,1.3611029775440693,0.5622408414930106,Llama-2-7b-chat-hf,0.8676024230435534,4,1e-05,retain99,Llama-2-7b-chat-hf_forget01_retain99_NPO_seed0_fb2_pb4_full_65419_2,0,0.7336093984375937,results/piper_pi_probe/Llama-2-7b-chat-hf_forget01_retain99_NPO_seed0_fb2_pb4_full_65419_2/summary.json,1.4374526557296512,2.0620288104635205,17.599999999999998,0.88,2.790949511528015,1.3534968557983638,1.0195884492397307,1.753867678554522,7.6,0.76,2.3720651215314863,1.3524766722917556,0.6134211933009328,1.449636534633588,3.4499999999999997,0.69,1.9776813146471977,1.3642601213462648,13.81702995300293,0.004886235110461712,80
NPO,203.7342267036438,2,forget01,1e-05,1.2979447412788867,0.46329606941342355,Llama-2-7b-chat-hf,0.8872164872934051,8,1e-05,retain99,Llama-2-7b-chat-hf_forget01_retain99_NPO_seed0_fb2_pb8_full_65420_3,0,0.7590637082548329,results/piper_pi_probe/Llama-2-7b-chat-hf_forget01_retain99_NPO_seed0_fb2_pb8_full_65420_3/summary.json,1.3516987053841352,2.0477397197253695,16.799999999999997,0.84,2.6418079566955566,1.2901092513114214,0.9759138141989707,1.7567240704402163,7.6,0.76,2.265569915175438,1.289656100976467,0.6161758299551903,1.47386662928143,3.55,0.71,1.916490711569786,1.3003148816145957,13.902263641357422,0.00781550444662571,80
NPO,141.26705026626587,1,forget01,1e-05,1.3829106112122536,0.5367568159848451,Llama-2-7b-chat-hf,0.8929383340568968,4,1e-05,retain99,Llama-2-7b-chat-hf_forget01_retain99_NPO_seed1_fb1_pb4_full_65425_4,1,0.7601427525710102,results/piper_pi_probe/Llama-2-7b-chat-hf_forget01_retain99_NPO_seed1_fb1_pb4_full_65425_4/summary.json,1.3711724374622105,1.9886113148886748,15.2,0.76,2.758140618801117,1.3869681813389065,0.980120936308801,1.7134097184622696,7.6,0.76,2.353975133895874,1.373854197587073,0.6371745763793586,1.4599355093963067,3.5999999999999996,0.72,2.0225309216976166,1.385356345318258,13.925286293029785,0.004914965480566025,80
NPO,204.1802716255188,1,forget01,1e-05,1.3610571221113206,0.3050399353057146,Llama-2-7b-chat-hf,0.8529788181077702,8,1e-05,retain99,Llama-2-7b-chat-hf_forget01_retain99_NPO_seed1_fb1_pb8_full_65428_5,1,0.697684230736923,results/piper_pi_probe/Llama-2-7b-chat-hf_forget01_retain99_NPO_seed1_fb1_pb8_full_65428_5/summary.json,1.3361236202925444,1.9786428540187204,15.2,0.76,2.701405770778656,1.3652821504861115,0.9644380396053194,1.7131043658382394,6.999999999999999,0.7,2.3168880957365037,1.3524500561311843,0.5997537683591248,1.4399175006375664,3.4999999999999996,0.7,1.9630861374735833,1.3633323691144585,13.829231262207031,0.005392211489379406,80
NPO,144.2448103427887,2,forget01,1e-05,1.3244281982779502,0.21494734979420901,Llama-2-7b-chat-hf,0.7370591720150546,4,1e-05,retain99,Llama-2-7b-chat-hf_forget01_retain99_NPO_seed1_fb2_pb4_full_65429_6,1,0.54587296749187,results/piper_pi_probe/Llama-2-7b-chat-hf_forget01_retain99_NPO_seed1_fb2_pb4_full_65429_6/summary.json,1.2235949569195508,1.9198094040165337,14.399999999999999,0.72,2.553865066766739,1.330270109847188,0.8762107986435299,1.66547109199088,6.199999999999999,0.62,2.1928882759809496,1.3166774773374197,0.516729301907122,1.3894768426517952,2.9999999999999996,0.6,1.843455939590931,1.326726637683809,13.991031646728516,0.0014264334458857775,80
NPO,204.7963638305664,2,forget01,1e-05,1.3270230726003647,0.1408771234303713,Llama-2-7b-chat-hf,0.4942064352578706,8,1e-05,retain99,Llama-2-7b-chat-hf_forget01_retain99_NPO_seed1_fb2_pb8_full_65431_7,1,0.37870893883575535,results/piper_pi_probe/Llama-2-7b-chat-hf_forget01_retain99_NPO_seed1_fb2_pb8_full_65431_7/summary.json,0.8193280336946245,1.6147745866183087,8.799999999999999,0.44,2.1520572185516356,1.332729184857011,0.5277313841089608,1.4000392967023676,3.1999999999999997,0.32,1.8469302439689637,1.3191988598600028,0.2770215799048543,1.2084171599615041,1.9,0.38,1.60619034871459,1.3291687688097358,13.905294418334961,0.0015376907540485263,80
NPO,139.60038423538208,1,forget01,1e-05,1.1587008070647717,0.539852737441659,Llama-2-7b-chat-hf,0.9227716673164917,4,1e-05,retain99,Llama-2-7b-chat-hf_forget01_retain99_NPO_seed2_fb1_pb4_full_65437_8,2,0.8569553958215832,results/piper_pi_probe/Llama-2-7b-chat-hf_forget01_retain99_NPO_seed2_fb1_pb4_full_65437_8/summary.json,1.385068261489272,2.198388262718225,17.599999999999998,0.88,2.540844151973724,1.1557758904844522,1.0421946793317796,1.8985576235103176,8.6,0.86,2.2020475947856903,1.1598529154539108,0.6954699905268849,1.5982847532087079,4.1,0.82,1.8579097598791123,1.1624397693522275,13.898523330688477,0.15184587240219116,80
NPO,202.42158675193787,1,forget01,1e-05,1.2484883515536784,0.3537484252750874,Llama-2-7b-chat-hf,0.8993708560057574,8,1e-05,retain99,Llama-2-7b-chat-hf_forget01_retain99_NPO_seed2_fb1_pb8_full_65439_9,2,0.8034800139200556,results/piper_pi_probe/Llama-2-7b-chat-hf_forget01_retain99_NPO_seed2_fb1_pb8_full_65439_9/summary.json,1.455734772107005,2.169008057514575,17.599999999999998,0.88,2.701008286476135,1.24527351436913,1.0400229836881159,1.832594162585951,8.399999999999999,0.84,2.289158553481102,1.249135569792986,0.6964199395172299,1.5560853532044943,3.95,0.79,1.9487815338373184,1.2523615943200885,13.988882064819336,0.13722552359104156,80
NPO,142.00563430786133,2,forget01,1e-05,1.6243825179040432,0.4149947057403624,Llama-2-7b-chat-hf,0.8819243754417398,4,1e-05,retain99,Llama-2-7b-chat-hf_forget01_retain99_NPO_seed2_fb2_pb4_full_65443_10,2,0.7644921459685838,results/piper_pi_probe/Llama-2-7b-chat-hf_forget01_retain99_NPO_seed2_fb2_pb4_full_65443_10/summary.json,1.859218119058013,2.1489837873090347,16.0,0.8,3.4773594188690184,1.6181412998110054,1.3686071569681169,1.841282036532995,8.0,0.8,2.9954184967279436,1.6268113397598267,0.8810645800553263,1.540895654152514,3.85,0.77,2.5099639311432838,1.6288993510879575,13.727477073669434,0.011858776211738586,80
NPO,203.1752326488495,2,forget01,1e-05,1.5471394136846066,0.4227238858845085,Llama-2-7b-chat-hf,0.9003078675761502,8,1e-05,retain99,Llama-2-7b-chat-hf_forget01_retain99_NPO_seed2_fb2_pb8_full_65447_11,2,0.8078461113844454,results/piper_pi_probe/Llama-2-7b-chat-hf_forget01_retain99_NPO_seed2_fb2_pb8_full_65447_11/summary.json,1.8277240620821718,2.186850564910996,15.2,0.76,3.367702317237854,1.5399782551556824,1.3797547889947892,1.8900206542762894,8.799999999999999,0.88,2.9300050920248033,1.550250303030014,0.8607673200629655,1.554767045941054,3.85,0.77,2.412350685298443,1.5515833652354774,14.074508666992188,0.0396653451025486,80
GradAscent,127.26250958442688,1,forget05,1e-06,0.05420162546634674,0.0019287774115800858,Llama-2-7b-chat-hf,0.49351799287590614,4,1e-06,retain95,Llama-2-7b-chat-hf_forget05_retain95_GradAscent_seed0_fb1_pb4_full_65567_48,0,0.4735439741758967,results/piper_pi_probe/Llama-2-7b-chat-hf_forget05_retain95_GradAscent_seed0_fb1_pb4_full_65567_48/summary.json,0.06403805853128433,2.166146381654468,8.0,0.4,0.11895231246948242,0.05491425393819809,0.05461859849244356,2.0143167900233023,5.2,0.52,0.10846627116203308,0.05384767266958952,0.034864676745980976,1.6404726124950653,2.65,0.53,0.08930053561925888,0.054435858873277905,-0.507460355758667,-0.6737315654754639,40
GradAscent,187.86260533332825,1,forget05,1e-06,0.05376452049612999,0.0017296526469290257,Llama-2-7b-chat-hf,0.49704663168174634,8,1e-06,retain95,Llama-2-7b-chat-hf_forget05_retain95_GradAscent_seed0_fb1_pb8_full_65569_49,0,0.45953175812703245,results/piper_pi_probe/Llama-2-7b-chat-hf_forget05_retain95_GradAscent_seed0_fb1_pb8_full_65569_49/summary.json,0.05810847676992417,2.062736167608619,5.6000000000000005,0.28,0.1127866542339325,0.054678177464008326,0.05850246074795723,2.0942792974458735,5.4,0.54,0.11196455299854279,0.053462092250585555,0.03805554196089506,1.7052762942481223,2.9499999999999997,0.59,0.09201388746500015,0.05395834550410509,-0.5074970126152039,-0.6568707227706909,40
GradAscent,125.71409940719604,2,forget05,1e-06,0.06737271681427956,0.0013908638283610345,Llama-2-7b-chat-hf,0.4150876113445718,4,1e-06,retain95,Llama-2-7b-chat-hf_forget05_retain95_GradAscent_seed0_fb2_pb4_full_65575_50,0,0.32906166824667293,results/piper_pi_probe/Llama-2-7b-chat-hf_forget05_retain95_GradAscent_seed0_fb2_pb4_full_65575_50/summary.json,0.0874187442421913,2.2776380609087306,9.6,0.48,0.15584089517593383,0.06842215093374253,0.06576231762021778,1.9815758369411098,5.4,0.54,0.13275899291038512,0.06699667529016734,0.04123398238345981,1.6094747721940057,2.75,0.55,0.10888892769813538,0.06765494531467557,-0.4088808298110962,-0.44353753328323364,40
GradAscent,185.74445486068726,2,forget05,1e-06,0.06702728191018105,0.0027224576734006405,Llama-2-7b-chat-hf,0.6534163490357157,8,1e-06,retain95,Llama-2-7b-chat-hf_forget05_retain95_GradAscent_seed0_fb2_pb8_full_65576_51,0,0.6262532250129,results/piper_pi_probe/Llama-2-7b-chat-hf_forget05_retain95_GradAscent_seed0_fb2_pb8_full_65576_51/summary.json,0.09017055000364782,2.3258898110565576,9.6,0.48,0.1581781244277954,0.0680075744241476,0.07073070817291738,2.0624288942746642,5.799999999999999,0.58,0.13730524182319642,0.06657453365027904,0.051055194687843336,1.7589463022479628,2.9999999999999996,0.6,0.11832635015249253,0.0672711554646492,-0.4086613953113556,-0.4468045234680176,40
GradAscent,124.34441828727722,1,forget05,1e-06,0.053170045882463456,0.002786842651665211,Llama-2-7b-chat-hf,0.6538901225263587,4,1e-06,retain95,Llama-2-7b-chat-hf_forget05_retain95_GradAscent_seed1_fb1_pb4_full_65579_52,1,0.6178042312169248,results/piper_pi_probe/Llama-2-7b-chat-hf_forget05_retain95_GradAscent_seed1_fb1_pb4_full_65579_52/summary.json,0.08301685626208782,2.556233762568203,10.4,0.52,0.13636157751083375,0.05334472124874592,0.0592337081104517,2.1158893400939798,5.2,0.52,0.11231577098369598,0.05308206287324428,0.04046922995150089,1.7619034245696426,2.8499999999999996,0.57,0.09358518749475479,0.053115957543253906,-0.28409919142723083,-0.6386778950691223,40
GradAscent,189.55159902572632,1,forget05,1e-06,0.053254574328660965,0.0032240426018834115,Llama-2-7b-chat-hf,0.728134437287097,8,1e-06,retain95,Llama-2-7b-chat-hf_forget05_retain95_GradAscent_seed1_fb1_pb8_full_65581_53,1,0.6886094104376417,results/piper_pi_probe/Llama-2-7b-chat-hf_forget05_retain95_GradAscent_seed1_fb1_pb8_full_65581_53/summary.json,0.08504060225784779,2.5948485300541293,9.6,0.48,0.13836265802383424,0.05332205576598645,0.0619710474923253,2.165255636610079,5.799999999999999,0.58,0.11515340983867645,0.053182362346351146,0.043248377104103564,1.813047127889793,3.15,0.63,0.09644132941961288,0.053192952315509315,-0.2828930914402008,-0.6364634037017822,40
GradAscent,124.68902397155762,2,forget05,1e-06,0.07091283693909645,0.002799429751932621,Llama-2-7b-chat-hf,0.6045306000253052,4,1e-06,retain95,Llama-2-7b-chat-hf_forget05_retain95_GradAscent_seed1_fb2_pb4_full_65582_54,1,0.630315289261157,results/piper_pi_probe/Llama-2-7b-chat-hf_forget05_retain95_GradAscent_seed1_fb2_pb4_full_65582_54/summary.json,0.09907084615230559,2.3937007623178395,10.4,0.52,0.17015557885169982,0.07108473269939423,0.08107688896805049,2.1468546755563795,5.6000000000000005,0.56,0.1517718869447708,0.07069499797672033,0.0561491660222411,1.792410760324593,3.0999999999999996,0.62,0.12700782775878905,0.07085866173654795,-0.3543737530708313,-0.493354469537735,40
GradAscent,184.31375813484192,2,forget05,1e-06,0.07103496679663658,0.0021954701505601405,Llama-2-7b-chat-hf,0.5863046185049334,8,1e-06,retain95,Llama-2-7b-chat-hf_forget05_retain95_GradAscent_seed1_fb2_pb8_full_65584_55,1,0.5613577334309338,results/piper_pi_probe/Llama-2-7b-chat-hf_forget05_retain95_GradAscent_seed1_fb2_pb8_full_65584_55/summary.json,0.10303529871404171,2.4469914212231343,9.6,0.48,0.17424187064170837,0.07120657192766666,0.08073122309297324,2.1392189918700946,5.799999999999999,0.58,0.15159663498401643,0.07086541189104319,0.055258726923912774,1.7789029621502215,2.9499999999999997,0.59,0.12620302885770798,0.07094430193379521,-0.3540710210800171,-0.49555134773254395,40
GradAscent,126.75314354896545,1,forget05,1e-06,0.05749584454298019,0.00571560800075531,Llama-2-7b-chat-hf,0.8369510058846978,4,1e-06,retain95,Llama-2-7b-chat-hf_forget05_retain95_GradAscent_seed2_fb1_pb4_full_65588_56,2,0.8321071364285456,results/piper_pi_probe/Llama-2-7b-chat-hf_forget05_retain95_GradAscent_seed2_fb1_pb4_full_65588_56/summary.json,0.10057711618840692,2.7433672113316954,14.399999999999999,0.72,0.15826841354370116,0.057691297355294234,0.0778795482352376,2.3525124182938693,6.999999999999999,0.7,0.13546094059944153,0.05758139236420393,0.055898744045197964,1.9808606297806262,3.75,0.75,0.1128882309794426,0.05698948693424464,-0.3964667022228241,-0.3343544602394104,40
GradAscent,188.87229824066162,1,forget05,1e-06,0.057681305795907974,0.003289221726357937,Llama-2-7b-chat-hf,0.694214059384062,8,1e-06,retain95,Llama-2-7b-chat-hf_forget05_retain95_GradAscent_seed2_fb1_pb8_full_65590_57,2,0.7017434149736598,results/piper_pi_probe/Llama-2-7b-chat-hf_forget05_retain95_GradAscent_seed2_fb1_pb8_full_65590_57/summary.json,0.08708596727550028,2.505639422262839,11.200000000000001,0.56,0.1449258232116699,0.05783985593616963,0.07031971635818479,2.21907698933164,5.999999999999999,0.6,0.12800246894359588,0.05768275258541108,0.04931151309907436,1.861772078510451,3.1999999999999997,0.64,0.10653257459402084,0.057221061494946476,-0.39175423979759216,-0.3365795612335205,40
GradAscent,122.80709600448608,2,forget05,1e-06,0.08388621047139168,0.0028005124703049658,Llama-2-7b-chat-hf,0.5374969419833033,4,1e-06,retain95,Llama-2-7b-chat-hf_forget05_retain95_GradAscent_seed2_fb2_pb4_full_65592_58,2,0.5680541442165767,results/piper_pi_probe/Llama-2-7b-chat-hf_forget05_retain95_GradAscent_seed2_fb2_pb4_full_65592_58/summary.json,0.09884607848227023,2.1753635691412434,7.199999999999999,0.36,0.18294437885284423,0.084098300370574,0.09255505929440262,2.1035758693543354,5.2,0.52,0.17642338395118715,0.08386832465678452,0.06574351514428853,1.7912933811288856,2.9499999999999997,0.59,0.14882713079452514,0.08308361565023661,-0.3812187910079956,-0.5631718635559082,40
GradAscent,185.3285892009735,2,forget05,1e-06,0.08363446789979935,0.001930316224694252,Llama-2-7b-chat-hf,0.4259774359436236,8,1e-06,retain95,Llama-2-7b-chat-hf_forget05_retain95_GradAscent_seed2_fb2_pb8_full_65608_59,2,0.4608479233916936,results/piper_pi_probe/Llama-2-7b-chat-hf_forget05_retain95_GradAscent_seed2_fb2_pb8_full_65608_59/summary.json,0.1018279296308756,2.2159227434587963,8.0,0.4,0.18557332396507265,0.08374539433419705,0.08682526286244392,2.0388211127540687,5.0,0.5,0.17040583491325378,0.08358057205080986,0.05874606574848293,1.7091160777523557,2.6,0.52,0.14159014105796813,0.0828440753094852,-0.382693886756897,-0.5647463798522949,40
NPO,146.25674057006836,1,forget05,1e-05,1.3995568249225616,-0.04946400176733732,Llama-2-7b-chat-hf,-0.4762258141435214,4,1e-05,retain95,Llama-2-7b-chat-hf_forget05_retain95_NPO_seed0_fb1_pb4_full_65454_12,0,-0.3952042048168193,results/piper_pi_probe/Llama-2-7b-chat-hf_forget05_retain95_NPO_seed0_fb1_pb4_full_65454_12/summary.json,0.021171049126982533,1.0150381557205252,0.7999999999999999,0.04,1.4289932262897491,1.4078221771627666,-0.02275242399126287,0.9836969387448466,0.19999999999999998,0.02,1.3728397065401077,1.3955921305313705,-0.08458048520758754,0.9397343399446976,0.5,0.1,1.3188802108168602,1.4034606960244478,13.796509742736816,0.006200089585036039,80
NPO,208.97520804405212,1,forget05,1e-05,1.4067698360681533,0.127697117254138,Llama-2-7b-chat-hf,0.7443974061309089,8,1e-05,retain95,Llama-2-7b-chat-hf_forget05_retain95_NPO_seed0_fb1_pb8_full_65460_13,0,0.6242255049020196,results/piper_pi_probe/Llama-2-7b-chat-hf_forget05_retain95_NPO_seed0_fb1_pb8_full_65460_13/summary.json,1.5265438287347555,2.078233018112567,14.399999999999999,0.72,2.942326691150665,1.4157828624159097,0.9965005542501806,1.7100820957033758,6.3999999999999995,0.64,2.399860194325447,1.4033596400752666,0.6008705791436137,1.4258693080793527,3.1999999999999997,0.64,2.0117977526783943,1.4109271735347806,13.835939407348633,0.008135426789522171,80
NPO,142.52197742462158,2,forget05,1e-05,1.5641508965492248,0.4042479933537543,Llama-2-7b-chat-hf,0.89097032610329,4,1e-05,retain95,Llama-2-7b-chat-hf_forget05_retain95_NPO_seed0_fb2_pb4_full_65464_14,0,0.7268862995451981,results/piper_pi_probe/Llama-2-7b-chat-hf_forget05_retain95_NPO_seed0_fb2_pb4_full_65464_14/summary.json,1.8095475079864265,2.151125104971632,18.4,0.92,3.3815291285514832,1.5719816205650567,1.2545954144164921,1.8041501946139373,8.399999999999999,0.84,2.81474602162838,1.5601506072118878,0.7521439506702126,1.4796101418347447,3.55,0.71,2.3203842464089393,1.5682402957387267,13.68156909942627,0.18425270915031433,80
NPO,207.76187539100647,2,forget05,1e-05,1.5674368169307709,0.4408869727160782,Llama-2-7b-chat-hf,0.8850443594438744,8,1e-05,retain95,Llama-2-7b-chat-hf_forget05_retain95_NPO_seed0_fb2_pb8_full_65466_15,0,0.734754491017964,results/piper_pi_probe/Llama-2-7b-chat-hf_forget05_retain95_NPO_seed0_fb2_pb8_full_65466_15/summary.json,1.7827995722979306,2.1317785774135976,16.799999999999997,0.84,3.358018972873688,1.5752194005757572,1.2390161406442526,1.7923657771792438,8.0,0.8,2.8027082842588427,1.56369214361459,0.7388535408549011,1.4701127851332354,3.4499999999999997,0.69,2.3105052044987677,1.5716516636438667,13.441553115844727,0.17758417129516602,80
NPO,146.22071504592896,1,forget05,1e-05,1.3492443359494208,0.002509233854711056,Llama-2-7b-chat-hf,-0.011161617856748239,4,1e-05,retain95,Llama-2-7b-chat-hf_forget05_retain95_NPO_seed1_fb1_pb4_full_65467_16,1,-0.08163719054876219,results/piper_pi_probe/Llama-2-7b-chat-hf_forget05_retain95_NPO_seed1_fb1_pb4_full_65467_16/summary.json,0.31776287124156966,1.2353779043908402,1.5999999999999999,0.08,1.6677743434906005,1.3500114722490308,0.09524037636667515,1.0706948227971127,0.6,0.06,1.442444776892662,1.347204400525987,-0.037383631672710305,0.9723310230533178,0.6,0.12,1.313719148337841,1.3511027800105513,13.932954788208008,0.10976685583591461,80
NPO,208.5785322189331,1,forget05,1e-05,1.359376569569111,0.024800217332318426,Llama-2-7b-chat-hf,0.053811164597688324,8,1e-05,retain95,Llama-2-7b-chat-hf_forget05_retain95_NPO_seed1_fb1_pb8_full_65470_17,1,-0.00047241788967155863,results/piper_pi_probe/Llama-2-7b-chat-hf_forget05_retain95_NPO_seed1_fb1_pb8_full_65470_17/summary.json,0.34146311424970643,1.2508648900014285,1.5999999999999999,0.08,1.702606613636017,1.3611434993863105,0.104410600872338,1.0769172752478413,0.6,0.06,1.4618507927656175,1.3574401918932795,0.034766470269113725,1.025538573162216,0.7000000000000001,0.14,1.3960982114076614,1.3613317411385477,13.873562812805176,0.11029058694839478,80
NPO,144.62553024291992,2,forget05,1e-05,1.4760370131134988,0.3903261914551258,Llama-2-7b-chat-hf,0.9114360870455227,4,1e-05,retain95,Llama-2-7b-chat-hf_forget05_retain95_NPO_seed1_fb2_pb4_full_65472_18,1,0.8050643082572329,results/piper_pi_probe/Llama-2-7b-chat-hf_forget05_retain95_NPO_seed1_fb2_pb4_full_65472_18/summary.json,1.8152142758131025,2.228336385639973,18.4,0.92,3.2929969882965087,1.4777827124834062,1.2493798844829198,1.8483775289347768,8.399999999999999,0.84,2.722049588561058,1.472669704078138,0.7884694970168171,1.5333249942925575,3.85,0.77,2.266872919797897,1.47840342278108,14.084148406982422,0.06741324812173843,80
NPO,206.39533352851868,2,forget05,1e-05,1.4792431046366692,0.2937740186601877,Llama-2-7b-chat-hf,0.9147735319835948,8,1e-05,retain95,Llama-2-7b-chat-hf_forget05_retain95_NPO_seed1_fb2_pb8_full_65473_19,1,0.8312025248100992,results/piper_pi_probe/Llama-2-7b-chat-hf_forget05_retain95_NPO_seed1_fb2_pb8_full_65473_19/summary.json,1.7595813803076745,2.188058528693925,16.799999999999997,0.84,3.2406375217437744,1.4810561414360999,1.2470920694664123,1.845042638611439,8.799999999999999,0.88,2.7228662049770356,1.4757741355106233,0.7930893450863661,1.535299374790125,4.05,0.81,2.27467027425766,1.481580929171294,14.043667793273926,0.0706343948841095,80
NPO,143.85398721694946,1,forget05,1e-05,1.4310743902623653,0.17464956732839346,Llama-2-7b-chat-hf,0.6022001648058495,4,1e-05,retain95,Llama-2-7b-chat-hf_forget05_retain95_NPO_seed2_fb1_pb4_full_65475_20,2,0.5183648254593018,results/piper_pi_probe/Llama-2-7b-chat-hf_forget05_retain95_NPO_seed2_fb1_pb4_full_65475_20/summary.json,1.145618958136439,1.8017840709114217,11.200000000000001,0.56,2.5744562220573424,1.4288372639209033,0.9175559400886297,1.6428751107101847,5.0,0.5,2.3448252880573275,1.4272693479686978,0.5728373953692616,1.402014257464114,2.55,0.51,1.9977555039525032,1.4249181085832416,13.828224182128906,0.0214888546615839,80
NPO,205.11351490020752,1,forget05,1e-05,1.4617506188452243,0.07926580744981766,Llama-2-7b-chat-hf,0.3161547514416957,8,1e-05,retain95,Llama-2-7b-chat-hf_forget05_retain95_NPO_seed2_fb1_pb8_full_65477_21,2,0.2803655694622778,results/piper_pi_probe/Llama-2-7b-chat-hf_forget05_retain95_NPO_seed2_fb1_pb8_full_65477_21/summary.json,0.6894346607238055,1.472412850010526,6.3999999999999995,0.32,2.1488248121738436,1.459390151450038,0.5078172762542965,1.348457743364654,2.6,0.26,1.9651454198360443,1.4573281435817478,0.25685296310260886,1.176511668139394,1.35,0.27,1.71201434597373,1.4551613828711212,13.811193466186523,0.016929402947425842,80
NPO,143.7018644809723,2,forget05,1e-05,1.8374011688232421,0.14320745640993118,Llama-2-7b-chat-hf,0.4148597442309635,4,1e-05,retain95,Llama-2-7b-chat-hf_forget05_retain95_NPO_seed2_fb2_pb4_full_65479_22,2,0.3836097584390337,results/piper_pi_probe/Llama-2-7b-chat-hf_forget05_retain95_NPO_seed2_fb2_pb4_full_65479_22/summary.json,0.7708114368736745,1.419507158747388,6.3999999999999995,0.32,2.6082328510284425,1.837421414154768,0.6606817046433686,1.360083712956574,3.5999999999999996,0.36,2.495482004880905,1.8348003002375364,0.43050364627242077,1.235240884043852,1.7499999999999998,0.35,2.260558179616928,1.8300545333445073,13.798279762268066,0.016420630738139153,80
NPO,206.87407326698303,2,forget05,1e-05,1.849966028690338,0.2993826612867415,Llama-2-7b-chat-hf,0.8617749769910348,8,1e-05,retain95,Llama-2-7b-chat-hf_forget05_retain95_NPO_seed2_fb2_pb8_full_65481_23,2,0.8076066864267456,results/piper_pi_probe/Llama-2-7b-chat-hf_forget05_retain95_NPO_seed2_fb2_pb8_full_65481_23/summary.json,1.9287064344942568,2.0424398094953786,17.599999999999998,0.88,3.778891372680664,1.850184938186407,1.4052042672306297,1.7606203665102924,7.6,0.76,3.252649233341217,1.8474449661105872,0.9702485740751028,1.52651535402261,4.1,0.82,2.8130221354961393,1.8427735614210365,13.955879211425781,0.016473080962896347,80
GradAscent,127.21365714073181,1,forget10,1e-06,0.060533277064561845,0.0031591585725545884,Llama-2-7b-chat-hf,0.6663289126151062,4,1e-06,retain90,Llama-2-7b-chat-hf_forget10_retain90_GradAscent_seed0_fb1_pb4_full_65610_60,0,0.6748075312301249,results/piper_pi_probe/Llama-2-7b-chat-hf_forget10_retain90_GradAscent_seed0_fb1_pb4_full_65610_60/summary.json,0.08361932407915591,2.361338639727551,10.4,0.52,0.14504366159439086,0.06142433751523495,0.06479431294351817,2.068729957446071,5.0,0.5,0.12542170763015748,0.0606273946866393,0.04406373759359121,1.7266848892189206,2.7,0.54,0.10470038801431655,0.060636650420725344,-0.43745434284210205,-0.6571016907691956,40
GradAscent,190.65777325630188,1,forget10,1e-06,0.06099593460559845,0.0020874418318271638,Llama-2-7b-chat-hf,0.5106256886682958,8,1e-06,retain90,Llama-2-7b-chat-hf_forget10_retain90_GradAscent_seed0_fb1_pb8_full_65615_61,0,0.5622151128604513,results/piper_pi_probe/Llama-2-7b-chat-hf_forget10_retain90_GradAscent_seed0_fb1_pb8_full_65615_61/summary.json,0.0726775756686926,2.172998817990021,8.0,0.4,0.13463635563850404,0.061958779969811445,0.052137351022660726,1.8544208249960357,4.3999999999999995,0.44,0.11315804421901703,0.0610206931963563,0.03789692141860723,1.6207016242665238,2.55,0.51,0.098951895236969,0.061054973818361766,-0.43602946400642395,-0.6362453103065491,40
GradAscent,124.46747899055481,2,forget10,1e-06,0.06888208669424058,0.0017727614268660545,Llama-2-7b-chat-hf,0.44693110589022944,4,1e-06,retain90,Llama-2-7b-chat-hf_forget10_retain90_GradAscent_seed0_fb2_pb4_full_65616_62,0,0.4757216468865875,results/piper_pi_probe/Llama-2-7b-chat-hf_forget10_retain90_GradAscent_seed0_fb2_pb4_full_65616_62/summary.json,0.0681341808617115,1.9754792503265746,7.199999999999999,0.36,0.13798105955123902,0.06984687868952752,0.056953532229363904,1.8250671604685922,4.199999999999999,0.42,0.12598249733448028,0.06902896510511637,0.03975043859779835,1.5762520689445108,2.55,0.51,0.10873142927885056,0.0689809906810522,-0.35476386547088623,-0.4917929768562317,40
GradAscent,186.6039366722107,2,forget10,1e-06,0.06876465889811516,0.0013865791819989682,Llama-2-7b-chat-hf,0.38130240698178475,8,1e-06,retain90,Llama-2-7b-chat-hf_forget10_retain90_GradAscent_seed0_fb2_pb8_full_65617_63,0,0.42345721382885526,results/piper_pi_probe/Llama-2-7b-chat-hf_forget10_retain90_GradAscent_seed0_fb2_pb8_full_65617_63/summary.json,0.05759621917009353,1.8259267223147346,5.6000000000000005,0.28,0.1273314845561981,0.06973526538610458,0.04468393163979052,1.648301351675968,3.1999999999999997,0.32,0.11360856294631957,0.06892463130652905,0.036443240153044454,1.529086240855518,2.3499999999999996,0.47,0.10532282412052155,0.06887958396747709,-0.35444608330726624,-0.4887503683567047,40
GradAscent,100.62617039680481,1,forget10,1e-06,0.052776700645685196,0.0017867135107517242,Llama-2-7b-chat-hf,0.4371885843680593,4,1e-06,retain90,Llama-2-7b-chat-hf_forget10_retain90_GradAscent_seed1_fb1_pb4_full_65618_64,1,0.4769559238236953,results/piper_pi_probe/Llama-2-7b-chat-hf_forget10_retain90_GradAscent_seed1_fb1_pb4_full_65618_64/summary.json,0.07317500369250773,2.3981237948017258,8.0,0.4,0.12551300406455992,0.05233800037205219,0.05147833520323038,1.9795044583247392,4.8,0.48,0.10403382360935211,0.05255548840612173,0.035551092829555264,1.6718730681767995,2.8000000000000003,0.56,0.08846449941396713,0.05291340658441186,-0.5057384967803955,-0.5736219882965088,40
GradAscent,189.1012749671936,1,forget10,1e-06,0.05297335866093635,0.00165304646641016,Llama-2-7b-chat-hf,0.41422758012039074,8,1e-06,retain90,Llama-2-7b-chat-hf_forget10_retain90_GradAscent_seed1_fb1_pb8_full_65620_65,1,0.45808311233244925,results/piper_pi_probe/Llama-2-7b-chat-hf_forget10_retain90_GradAscent_seed1_fb1_pb8_full_65620_65/summary.json,0.07371386637389661,2.404163267603415,9.6,0.48,0.126210515499115,0.052496649125218384,0.04873181514143944,1.9245039054635598,4.3999999999999995,0.44,0.10144312858581543,0.05271131344437599,0.034245867309719326,1.6451879280468011,2.75,0.55,0.08732477009296417,0.05307890278324485,-0.5065335631370544,-0.568275511264801,40
GradAscent,99.7249550819397,2,forget10,1e-06,0.06416988945007324,0.0012024605348706246,Llama-2-7b-chat-hf,0.3143863757196476,4,1e-06,retain90,Llama-2-7b-chat-hf_forget10_retain90_GradAscent_seed1_fb2_pb4_full_65622_66,1,0.3716321745286981,results/piper_pi_probe/Llama-2-7b-chat-hf_forget10_retain90_GradAscent_seed1_fb2_pb4_full_65622_66/summary.json,0.05963378854393958,1.9379288277115845,6.3999999999999995,0.32,0.12321408033370972,0.06358029178977014,0.047762722104787825,1.7469192886777585,3.4,0.34,0.11170901834964753,0.0639462962448597,0.034760399118065846,1.540308442520423,2.3499999999999996,0.47,0.09909476146101952,0.06433436234295367,-0.5387328863143921,-0.4550677537918091,40
GradAscent,150.39222288131714,2,forget10,1e-06,0.06460986769199371,0.00136363497748971,Llama-2-7b-chat-hf,0.35878259725906925,8,1e-06,retain90,Llama-2-7b-chat-hf_forget10_retain90_GradAscent_seed1_fb2_pb8_full_65625_67,1,0.42954661418645673,results/piper_pi_probe/Llama-2-7b-chat-hf_forget10_retain90_GradAscent_seed1_fb2_pb8_full_65625_67/summary.json,0.08283340232968331,2.2946272441016182,8.799999999999999,0.44,0.14681583642959595,0.06398243409991264,0.05941969935297965,1.9230079711269104,4.8,0.48,0.12379584908485412,0.06437614973187447,0.03764426738098263,1.5808511638408602,2.6,0.52,0.10245306819677352,0.06480880081579089,-0.5402659177780151,-0.4523712396621704,40
GradAscent,126.08919167518616,1,forget10,1e-06,0.04899831753969192,0.000263547845184803,Llama-2-7b-chat-hf,0.06905038951856704,4,1e-06,retain90,Llama-2-7b-chat-hf_forget10_retain90_GradAscent_seed2_fb1_pb4_full_65626_68,2,0.016760227040908165,results/piper_pi_probe/Llama-2-7b-chat-hf_forget10_retain90_GradAscent_seed2_fb1_pb4_full_65626_68/summary.json,0.03723506823182107,1.7626959033388971,4.0,0.2,0.08605540156364441,0.04882033333182334,0.021791048987209807,1.4462659996930192,2.4,0.24,0.07062078058719636,0.04882973159998655,0.01205497383102775,1.2455558308761496,1.7999999999999998,0.36,0.06114757239818573,0.04909259856715798,-0.26944276690483093,-0.5089040398597717,40
GradAscent,189.8213655948639,1,forget10,1e-06,0.049265507072210314,0.0009075164757668972,Llama-2-7b-chat-hf,0.2541175996425273,8,1e-06,retain90,Llama-2-7b-chat-hf_forget10_retain90_GradAscent_seed2_fb1_pb8_full_65639_69,2,0.27018309673238694,results/piper_pi_probe/Llama-2-7b-chat-hf_forget10_retain90_GradAscent_seed2_fb1_pb8_full_65639_69/summary.json,0.04451142372786998,1.9067349239355786,5.6000000000000005,0.28,0.09360121011734009,0.049089786389470105,0.03403962287604809,1.694160335998614,3.1999999999999997,0.32,0.08307674169540405,0.04903711881935596,0.019303889417648316,1.3910550140319742,2.15,0.43,0.06866750508546829,0.04936361566781997,-0.2720125913619995,-0.5177978873252869,40
GradAscent,99.7245237827301,2,forget10,1e-06,0.08176678481698037,0.0007994349077343941,Llama-2-7b-chat-hf,0.2031796537809678,4,1e-06,retain90,Llama-2-7b-chat-hf_forget10_retain90_GradAscent_seed2_fb2_pb4_full_65640_70,2,0.20233655334621337,results/piper_pi_probe/Llama-2-7b-chat-hf_forget10_retain90_GradAscent_seed2_fb2_pb4_full_65640_70/summary.json,0.07438806893527507,1.9149109623563072,4.0,0.2,0.1556944167613983,0.08130634782612324,0.05453124232888221,1.6704381979766971,3.1999999999999997,0.32,0.135867959856987,0.08133671752810478,0.03259815534055231,1.397898151892367,2.15,0.43,0.11452403306961059,0.08192587772905828,-0.37606608867645264,-0.9271160960197449,40
GradAscent,151.74884152412415,2,forget10,1e-06,0.08186458146572113,0.0014642692506313323,Llama-2-7b-chat-hf,0.36002665883638774,8,1e-06,retain90,Llama-2-7b-chat-hf_forget10_retain90_GradAscent_seed2_fb2_pb8_full_65228_71,2,0.3971226860216886,results/piper_pi_probe/Llama-2-7b-chat-hf_forget10_retain90_GradAscent_seed2_fb2_pb8_full_65228_71/summary.json,0.08705471975803375,2.069311999506486,5.6000000000000005,0.28,0.16846661806106566,0.08141189830303192,0.06890213017463684,1.8466004017118616,4.3999999999999995,0.44,0.15028896868228914,0.0813868385076523,0.051554491571337,1.627947877533923,2.55,0.51,0.13365444511175156,0.08209995354041456,-0.37404143810272217,-0.9227477312088013,40
NPO,143.37908053398132,1,forget10,1e-05,1.3964790570735932,0.2400568661391735,Llama-2-7b-chat-hf,0.8226079538328452,4,1e-05,retain90,Llama-2-7b-chat-hf_forget10_retain90_NPO_seed0_fb1_pb4_full_65484_24,0,0.7846808347233389,results/piper_pi_probe/Llama-2-7b-chat-hf_forget10_retain90_NPO_seed0_fb1_pb4_full_65484_24/summary.json,1.3996151808679105,1.9926546462291643,11.999999999999998,0.6,2.809587104320526,1.4099719234526156,1.1316679732695218,1.8101919314803963,6.6,0.66,2.528457955121994,1.396789981852472,0.7231032473742962,1.5160739633653475,3.35,0.67,2.1242652875185013,1.401162040144205,13.893474578857422,0.05786712467670441,80
NPO,204.61180663108826,1,forget10,1e-05,1.398943576812744,0.2367076016329229,Llama-2-7b-chat-hf,0.8877825469466321,8,1e-05,retain90,Llama-2-7b-chat-hf_forget10_retain90_NPO_seed0_fb1_pb8_full_65487_25,0,0.8295558302233208,results/piper_pi_probe/Llama-2-7b-chat-hf_forget10_retain90_NPO_seed0_fb1_pb8_full_65487_25/summary.json,1.752337367552519,2.2403158621157413,17.599999999999998,0.88,3.1651527810096742,1.4128154134571553,1.2343663626506922,1.8817336461384817,7.3999999999999995,0.74,2.6342974734306335,1.3999311107799413,0.8580081903517245,1.6110935802272632,4.1,0.82,2.2620618706941604,1.404053680342436,13.881933212280273,0.04467002674937248,80
NPO,143.29545187950134,2,forget10,1e-05,1.459686649441719,0.23335720893740655,Llama-2-7b-chat-hf,0.7368133087730432,4,1e-05,retain90,Llama-2-7b-chat-hf_forget10_retain90_NPO_seed0_fb2_pb4_full_65489_26,0,0.7086865467461869,results/piper_pi_probe/Llama-2-7b-chat-hf_forget10_retain90_NPO_seed0_fb2_pb4_full_65489_26/summary.json,1.1524125209987164,1.782576383217065,8.0,0.4,2.6250004315376283,1.472587910538912,0.9259759197130799,1.6345924988714131,5.6000000000000005,0.56,2.385142111182213,1.459166191469133,0.6617230279713868,1.4516852533110325,3.05,0.61,2.1267321756482125,1.4650091476768257,13.923864364624023,0.40820395946502686,80
NPO,209.02231788635254,2,forget10,1e-05,1.4664582031965256,0.3035652039423585,Llama-2-7b-chat-hf,0.9064043737443126,8,1e-05,retain90,Llama-2-7b-chat-hf_forget10_retain90_NPO_seed0_fb2_pb8_full_65492_27,0,0.8405599702398809,results/piper_pi_probe/Llama-2-7b-chat-hf_forget10_retain90_NPO_seed0_fb2_pb8_full_65492_27/summary.json,1.7071772737324238,2.1535701919157497,17.599999999999998,0.88,3.187084856033325,1.4799075823009014,1.2748338787153366,1.8693580782018027,8.399999999999999,0.84,2.741242152452469,1.4664082737371325,0.8261623109370468,1.5612562752041932,4.05,0.81,2.298149970471859,1.471987659534812,13.922962188720703,0.3805301785469055,80
NPO,146.4538233280182,1,forget10,1e-05,1.439695609241724,0.2637568848058581,Llama-2-7b-chat-hf,0.8647169762191642,4,1e-05,retain90,Llama-2-7b-chat-hf_forget10_retain90_NPO_seed1_fb1_pb4_full_65494_28,1,0.7600374401497605,results/piper_pi_probe/Llama-2-7b-chat-hf_forget10_retain90_NPO_seed1_fb1_pb4_full_65494_28/summary.json,1.6443058923691511,2.1480463518802497,17.599999999999998,0.88,3.0765702688694,1.4322643765002487,1.0581568018943068,1.7348573506097142,7.199999999999999,0.72,2.49810538649559,1.4399485846012832,0.6820623054094612,1.4725698528863589,3.4499999999999997,0.69,2.1253670385479926,1.4433047331385314,13.707250595092773,0.1477545201778412,80
NPO,207.5774486064911,1,forget10,1e-05,1.4222432443201543,0.09234311078488827,Llama-2-7b-chat-hf,0.49032449503725994,8,1e-05,retain90,Llama-2-7b-chat-hf_forget10_retain90_NPO_seed1_fb1_pb8_full_65499_29,1,0.39970710282841126,results/piper_pi_probe/Llama-2-7b-chat-hf_forget10_retain90_NPO_seed1_fb1_pb8_full_65499_29/summary.json,1.106192354092002,1.7816396508106973,9.6,0.48,2.5214127218723297,1.4152203677803277,0.6624337667733429,1.465307463512266,3.4,0.34,2.086081179976463,1.4236474132031203,0.37867234102264025,1.2656242034442684,2.05,0.41,1.804266605824232,1.4255942648015918,13.702400207519531,0.12218508124351501,80
NPO,142.69397521018982,2,forget10,1e-05,1.578346943050623,0.5359655129462481,Llama-2-7b-chat-hf,0.822477256798546,4,1e-05,retain90,Llama-2-7b-chat-hf_forget10_retain90_NPO_seed1_fb2_pb4_full_65502_30,1,0.6218332713330853,results/piper_pi_probe/Llama-2-7b-chat-hf_forget10_retain90_NPO_seed1_fb2_pb4_full_65502_30/summary.json,1.522962986263633,1.9688896872967323,17.599999999999998,0.88,3.0948271584510803,1.5718641721874473,0.9888881651371717,1.626118719723294,6.6,0.66,2.5682821905612947,1.579394025424123,0.5910419793345034,1.3737458453364768,2.8499999999999996,0.57,2.1724427807331086,1.5814008013986052,13.713188171386719,0.12678353488445282,80
NPO,206.80409502983093,2,forget10,1e-05,1.4665318686068058,0.48352791080623864,Llama-2-7b-chat-hf,0.7814735081450843,8,1e-05,retain90,Llama-2-7b-chat-hf_forget10_retain90_NPO_seed1_fb2_pb8_full_65506_31,1,0.5609627878511513,results/piper_pi_probe/Llama-2-7b-chat-hf_forget10_retain90_NPO_seed1_fb2_pb8_full_65506_31/summary.json,1.5064558016031984,2.032228041445528,18.4,0.92,2.9658773064613344,1.459421504858136,0.9686301643103361,1.660557122910663,5.999999999999999,0.6,2.4350138133764268,1.4663836490660906,0.5662582426764073,1.3852809030658573,2.7,0.54,2.0359865322709085,1.4697282895945012,13.819917678833008,0.1338399052619934,80
NPO,145.51598000526428,1,forget10,1e-05,1.8179228223860264,0.2500997503697872,Llama-2-7b-chat-hf,0.8660302433178944,4,1e-05,retain90,Llama-2-7b-chat-hf_forget10_retain90_NPO_seed2_fb1_pb4_full_65517_32,2,0.775933855735423,results/piper_pi_probe/Llama-2-7b-chat-hf_forget10_retain90_NPO_seed2_fb1_pb4_full_65517_32/summary.json,2.409474825850129,2.3271893053121118,16.799999999999997,0.84,4.224946677684784,1.815471851834655,1.7069172553911807,1.942823602918228,7.6,0.76,3.5173484432697295,1.8104311878785488,1.1038159506082537,1.6062387200394688,3.95,0.79,2.9245771691203117,1.820761218512058,13.859643936157227,0.022700395435094833,80
NPO,210.3535339832306,1,forget10,1e-05,1.8107220988571644,0.1584968520924449,Llama-2-7b-chat-hf,0.7040320155048219,8,1e-05,retain90,Llama-2-7b-chat-hf_forget10_retain90_NPO_seed2_fb1_pb8_full_65533_33,2,0.4721680966723867,results/piper_pi_probe/Llama-2-7b-chat-hf_forget10_retain90_NPO_seed2_fb1_pb8_full_65533_33/summary.json,2.2802490161448716,2.2610709086788034,16.0,0.8,4.088433631658554,1.8081846155136823,1.5408096422269943,1.8544179510481917,6.6,0.66,3.3441538256406784,1.803344183413684,0.9295650616854427,1.512553661193172,3.3,0.66,2.743160655796528,1.813595594111085,13.989315032958984,0.021984722465276718,80
NPO,142.69011688232422,2,forget10,1e-05,1.5800418953001498,0.1706716508194804,Llama-2-7b-chat-hf,0.8537223242262759,4,1e-05,retain90,Llama-2-7b-chat-hf_forget10_retain90_NPO_seed2_fb2_pb4_full_65540_34,2,0.7479245916983668,results/piper_pi_probe/Llama-2-7b-chat-hf_forget10_retain90_NPO_seed2_fb2_pb4_full_65540_34/summary.json,1.732781089785695,2.098495088364511,17.599999999999998,0.88,3.310194687843323,1.5774135980576278,1.182690248270333,1.7511711209676228,7.6,0.76,2.7571520656347275,1.5744618173643945,0.7417525810271504,1.4689485987138169,3.5999999999999996,0.72,2.3234879419207575,1.5817353608936071,13.362892150878906,0.0006847803015261889,80
NPO,211.46016025543213,2,forget10,1e-05,1.585320842653513,0.27048988949134944,Llama-2-7b-chat-hf,0.8211044428462425,8,1e-05,retain90,Llama-2-7b-chat-hf_forget10_retain90_NPO_seed2_fb2_pb8_full_65545_35,2,0.7542908571634286,results/piper_pi_probe/Llama-2-7b-chat-hf_forget10_retain90_NPO_seed2_fb2_pb8_full_65545_35/summary.json,1.5783275126129388,1.9972768720874094,14.399999999999999,0.72,3.1609647488594055,1.5826372362464667,1.1058875196173785,1.6999916197461287,6.999999999999999,0.7,2.685745747089386,1.5798582274720077,0.7405729658097031,1.4667184399139774,3.35,0.67,2.3273389953374863,1.5867660295277832,13.553033828735352,0.0007155289640650153,80
