task_name,model,method,tuning_tag,rank_within_method,BUS,BUS_Lite,MYTOFU_Mem,MYTOFU_Utility,MYTOFU_Utility_Lite,extraction_strength,exact_memorization,forget_Q_A_PARA_Prob,forget_truth_ratio,forget_Q_A_Prob,forget_Q_A_ROUGE,forget_Q_A_PERT_Prob,retain_Q_A_Prob,retain_Q_A_ROUGE,retain_truth_ratio,retain_Q_A_PARA_Prob,retain_Q_A_PERT_Prob,source_file
mytofu_Llama-3.2-1B-Instruct_CEU_paper_i1_lr1em5_e2_from_full_e10,Llama-3.2-1B-Instruct,CEU,paper_i1_lr1em5_e2,1,0.3954295039744248,0.38881146417237467,0.29512904031112663,0.5990021177931627,0.5696276080750526,0.43291527760722276,0.871744304150343,0.28292422196827827,0.615164234038434,0.5639107525348663,0.5859861775651249,0.27253609597682954,0.8949780615667502,0.41775981319710287,0.6678849949447155,0.4389719725276033,0.29834544960564624,saves/unlearn_paper_tuned/mytofu_Llama-3.2-1B-Instruct_CEU_paper_i1_lr1em5_e2_from_full_e10/evals_final/MYTOFU_SUMMARY.json
mytofu_Llama-3.2-1B-Instruct_DPO_paper_b0p1_a0p5_g1_lr5em6_e3_from_full_e10,Llama-3.2-1B-Instruct,DPO,paper_b0p1_a0p5_g1_lr5em6_e3,1,0.2090908041356883,0.20790786925969681,0.12221813600296107,0.7229975970510477,0.6956261520055989,0.7045371085383865,0.9625147007405758,0.15350973733930004,0.3267688913009758,0.8445840001106262,0.6210826089115562,0.3050237995106727,0.8236183809116483,0.6020639945832561,0.7847545196348933,0.16245835305113968,0.17750694978167303,saves/unlearn_paper_tuned/mytofu_Llama-3.2-1B-Instruct_DPO_paper_b0p1_a0p5_g1_lr5em6_e3_from_full_e10/evals_final/MYTOFU_SUMMARY.json
mytofu_Llama-3.2-1B-Instruct_UNDIAL_paper_b10_a0p1_g1_lr5em6_e3_from_full_e10,Llama-3.2-1B-Instruct,UNDIAL,paper_b10_a0p1_g1_lr5em6_e3,1,0.17389300297115814,0.17322520952691073,0.09911408336791158,0.708244487699141,0.6866810879616339,0.7748776065155499,0.9691165678203106,0.29668873058399187,0.5269272163947267,0.8929413922131062,0.5614209547762179,0.34628413296304644,0.9825536000231901,0.5277590692701828,0.7557064012419948,0.3047867215781783,0.2402641786572834,saves/unlearn_paper_tuned/mytofu_Llama-3.2-1B-Instruct_UNDIAL_paper_b10_a0p1_g1_lr5em6_e3_from_full_e10/evals_final/MYTOFU_SUMMARY.json
mytofu_Llama-3.2-1B-Instruct_PDU_paper_eps0p05_a1_g1_lr5em6_e3_from_full_e10,Llama-3.2-1B-Instruct,PDU,paper_eps0p05_a1_g1_lr5em6_e3,1,0.1522848450562248,0.1517997854077796,0.08513588290595771,0.7207962337276047,0.6996330914649896,0.7753057390872751,0.9745870210230351,0.24996073697693647,0.45945573742477547,0.9110225796699524,0.5416822651033177,0.3504645221401006,0.9869682031373183,0.5418769668991686,0.7672108245265475,0.255583681697802,0.23007333900701876,saves/unlearn_paper_tuned/mytofu_Llama-3.2-1B-Instruct_PDU_paper_eps0p05_a1_g1_lr5em6_e3_from_full_e10/evals_final/MYTOFU_SUMMARY.json
mytofu_Llama-3.2-1B-Instruct_WGA_paper_b0p5_a1_g1_lr5em6_e3_from_full_e10,Llama-3.2-1B-Instruct,WGA,paper_b0p5_a1_g1_lr5em6_e3,1,0.1522848450562248,0.1517997854077796,0.08513588290595771,0.7207962337276047,0.6996330914649896,0.7753057390872751,0.9745870210230351,0.24996073697693647,0.45945573742477547,0.9110225796699524,0.5416822651033177,0.3504645221401006,0.9869682031373183,0.5418769668991686,0.7672108245265475,0.255583681697802,0.23007333900701876,saves/unlearn_paper_tuned/mytofu_Llama-3.2-1B-Instruct_WGA_paper_b0p5_a1_g1_lr5em6_e3_from_full_e10/evals_final/MYTOFU_SUMMARY.json
mytofu_Llama-3.2-1B-Instruct_RMU_paper_sc2_a0p5_g1_lr5em6_e3_from_full_e10,Llama-3.2-1B-Instruct,RMU,paper_sc2_a0p5_g1_lr5em6_e3,1,0.15175666179906055,0.15153853720417235,0.08457589426296502,0.7378477652705046,0.7276627730572495,0.7784307390872751,0.9746911875903607,0.26425832115346565,0.47655949297637773,0.9083399210125208,0.5758798730509257,0.3550423361826688,0.9850014306604862,0.5769345119511402,0.7590977309555675,0.27260076159921787,0.2372477684286423,saves/unlearn_paper_tuned/mytofu_Llama-3.2-1B-Instruct_RMU_paper_sc2_a0p5_g1_lr5em6_e3_from_full_e10/evals_final/MYTOFU_SUMMARY.json
mytofu_Llama-3.2-1B-Instruct_SimNPO_paper_b4p5_g0p25_a1_lr5em6_e3_from_full_e10,Llama-3.2-1B-Instruct,SimNPO,paper_b4p5_g0p25_a1_lr5em6_e3,1,0.12028398446218977,0.11995535534867278,0.06562327346585062,0.7200350126056032,0.6971684989891825,0.8051327766330626,0.9810076527297497,0.25193936347204726,0.45435965372047865,0.9377345375716686,0.5355302756454072,0.36184231862425803,0.9873225040733814,0.5388202000183887,0.7705839652920604,0.24597090741929908,0.22701040751223142,saves/unlearn_paper_tuned/mytofu_Llama-3.2-1B-Instruct_SimNPO_paper_b4p5_g0p25_a1_lr5em6_e3_from_full_e10/evals_final/MYTOFU_SUMMARY.json
mytofu_Llama-3.2-1B-Instruct_GradDiff_pcgrad_paper_a1_g1_lr5em6_e3_from_full_e10,Llama-3.2-1B-Instruct,GradDiff_pcgrad,paper_a1_g1_lr5em6_e3,1,0.10407710028891604,0.10419860386161063,0.05612544048969185,0.7146476422370275,0.7262781017850984,0.8495167806837202,0.9836586326360702,0.08778621056117117,0.57137567996696,0.9209207534790039,0.45821526987281125,0.07575168586336076,0.9810306297881263,0.5765583218249134,0.6924695293900408,0.3011010203211169,0.2977978421208848,saves/unlearn_paper_tuned/mytofu_Llama-3.2-1B-Instruct_GradDiff_pcgrad_paper_a1_g1_lr5em6_e3_from_full_e10/evals_final/MYTOFU_SUMMARY.json
mytofu_Llama-3.2-1B-Instruct_GradDiff_paper_none_a0p5_g1_lr5em6_e3_from_full_e10,Llama-3.2-1B-Instruct,GradDiff,paper_none_a0p5_g1_lr5em6_e3,1,0.10407685908718012,0.10421133351780812,0.05612449140637915,0.7147787991949549,0.7276764484041587,0.8495167806837202,0.9836586326360702,0.09056013990193605,0.5709824368658936,0.9174094632267952,0.43739605801741527,0.0770720714237541,0.9806845526610102,0.57844313839723,0.6903081637582067,0.3070605982178157,0.29978877909681095,saves/unlearn_paper_tuned/mytofu_Llama-3.2-1B-Instruct_GradDiff_paper_none_a0p5_g1_lr5em6_e3_from_full_e10/evals_final/MYTOFU_SUMMARY.json
mytofu_Llama-3.2-1B-Instruct_NPO_paper_b0p1_a2_g1_lr5em6_e3_from_full_e10,Llama-3.2-1B-Instruct,NPO,paper_b0p1_a2_g1_lr5em6_e3,1,0.1040741933845627,0.10422360395638919,0.0561161568653064,0.7158810502747734,0.7302834381023989,0.8495167806837202,0.9836586326360702,0.09249622654169798,0.5724936055898234,0.9156760305166245,0.4313688907402479,0.07757302927784622,0.9802048640591757,0.581913730305322,0.688715837226697,0.310320002093379,0.3011861114862508,saves/unlearn_paper_tuned/mytofu_Llama-3.2-1B-Instruct_NPO_paper_b0p1_a2_g1_lr5em6_e3_from_full_e10/evals_final/MYTOFU_SUMMARY.json
mytofu_Llama-3.2-1B-Instruct_NPO_pcgrad_paper_b0p1_a1_g1_lr5em6_e3_from_full_e10,Llama-3.2-1B-Instruct,NPO_pcgrad,paper_b0p1_a1_g1_lr5em6_e3,1,0.10405288019530703,0.10419711773670155,0.05610967391423299,0.7149202617162685,0.7287831727752627,0.8495167806837202,0.9836586326360702,0.09183407370001077,0.5741392746365098,0.916239681839943,0.42816753327418466,0.07764448625966906,0.9802595293947629,0.5799917483018181,0.6887186538851708,0.30962302405719777,0.3011827531170898,saves/unlearn_paper_tuned/mytofu_Llama-3.2-1B-Instruct_NPO_pcgrad_paper_b0p1_a1_g1_lr5em6_e3_from_full_e10/evals_final/MYTOFU_SUMMARY.json
mytofu_Llama-3.2-1B-Instruct_NPO_sago_paper_b0p1_a1_g1_lr5em6_e3_from_full_e10,Llama-3.2-1B-Instruct,NPO_sago,paper_b0p1_a1_g1_lr5em6_e3,1,0.09936965812451318,0.09948464185640667,0.05336818296133006,0.7198844098211463,0.732145145061776,0.8495167806837202,0.9845845595002174,0.08287092340178788,0.5736302453896733,0.9306849434971809,0.48217689267982883,0.07358327433466912,0.9816798972232001,0.5837586249610821,0.6965549488105275,0.2916416879227784,0.29397373929885884,saves/unlearn_paper_tuned/mytofu_Llama-3.2-1B-Instruct_NPO_sago_paper_b0p1_a1_g1_lr5em6_e3_from_full_e10/evals_final/MYTOFU_SUMMARY.json
mytofu_Llama-3.2-1B-Instruct_GradDiff_sago_paper_a1_g1_lr5em6_e3_from_full_e10,Llama-3.2-1B-Instruct,GradDiff_sago,paper_a1_g1_lr5em6_e3,1,0.08878495937639008,0.08885301830178027,0.0473223015945804,0.7170245767353929,0.7260066823551942,0.8798661300330697,0.9862602338194847,0.07846017279662192,0.5719384545882267,0.9409628570079803,0.4568067200892615,0.0723668450023979,0.9820436515978405,0.5758673881354508,0.6997110217679093,0.2826714429580274,0.2911113637233419,saves/unlearn_paper_tuned/mytofu_Llama-3.2-1B-Instruct_GradDiff_sago_paper_a1_g1_lr5em6_e3_from_full_e10/evals_final/MYTOFU_SUMMARY.json
mytofu_Llama-3.2-1B-Instruct_SimNPO_pcgrad_paper_b4p5_g0p125_a1_lr5em6_e3_from_full_e10,Llama-3.2-1B-Instruct,SimNPO_pcgrad,paper_b4p5_g0p125_a1_lr5em6_e3,1,0.07344653010610246,0.07332357022624499,0.03869572429320662,0.7204373660604855,0.697491027620351,0.849073595962898,0.9893147297203541,0.25209197724761906,0.4508538378835499,0.9480613052845002,0.5232583808735125,0.36338172419928016,0.9871827649573485,0.5392472948140014,0.7711784387098153,0.24377154371468351,0.2264263707290714,saves/unlearn_paper_tuned/mytofu_Llama-3.2-1B-Instruct_SimNPO_pcgrad_paper_b4p5_g0p125_a1_lr5em6_e3_from_full_e10/evals_final/MYTOFU_SUMMARY.json
mytofu_Llama-3.2-1B-Instruct_SimNPO_sago_paper_b2_g0p125_a1_lr5em6_e3_from_full_e10,Llama-3.2-1B-Instruct,SimNPO_sago,paper_b2_g0p125_a1_lr5em6_e3,1,0.06275075348625482,0.06266396854910826,0.03279790228005827,0.7233940718149112,0.7010101210427129,0.891170516252753,0.9908791981637478,0.2480356133688474,0.44475276523112817,0.9571872018277645,0.5294696695848011,0.3606132852844894,0.9870305880904198,0.5435119269077954,0.7727429762629789,0.23792837355285884,0.22482516947978487,saves/unlearn_paper_tuned/mytofu_Llama-3.2-1B-Instruct_SimNPO_sago_paper_b2_g0p125_a1_lr5em6_e3_from_full_e10/evals_final/MYTOFU_SUMMARY.json
mytofu_Llama-3.2-1B-Instruct_SatImp_paper_b10_1_a0p1_g0p1_lr5em6_e3_from_full_e10,Llama-3.2-1B-Instruct,SatImp,paper_b10_1_a0p1_g0p1_lr5em6_e3,1,0.05938596709071206,0.0593062323603738,0.03097258027545543,0.7187173074480084,0.6960655652561238,0.891170516252753,0.9914360150694848,0.25871648330939934,0.4567343735131507,0.9553699240088462,0.5502273658359185,0.36420328593812884,0.9877979551752408,0.5373629040249085,0.7687515661599907,0.24965300783126926,0.22876148317785314,saves/unlearn_paper_tuned/mytofu_Llama-3.2-1B-Instruct_SatImp_paper_b10_1_a0p1_g0p1_lr5em6_e3_from_full_e10/evals_final/MYTOFU_SUMMARY.json
mytofu_Llama-3.2-1B-Instruct_GradAscent_paper_lr2em6_e1_from_full_e10,Llama-3.2-1B-Instruct,GradAscent,paper_lr2em6_e1,1,0.05416836019850592,0.05419849748494521,0.028141322471616062,0.720985806621904,0.7318183697302232,0.9205801928581163,0.9920720681548119,0.07551971713546664,0.5708933955033093,0.9554248943924903,0.47733125102881296,0.07077933899126947,0.9818348565271923,0.5832885501501278,0.7002550957504747,0.2814209685386491,0.2904907844860905,saves/unlearn_paper_tuned/mytofu_Llama-3.2-1B-Instruct_GradAscent_paper_lr2em6_e1_from_full_e10/evals_final/MYTOFU_SUMMARY.json
