model,forget_split,trainer,run_tag,result_type,checkpoint,model_utility,forget_quality,forget_truth_ratio,forget_Q_A_Prob,forget_Q_A_ROUGE,extraction_strength,privleak,mtime,summary_path,task_name
Llama-2-7b-chat-hf,forget10,GradAscent,llama2_7b_forget10_four_methods_2gpu,final,,0.0,1.0635896769518578e-239,4.7877052185340883e-32,0.0,0.003936809747043206,0.026895808835135718,12.395422536778385,2026-07-08T05:39:08,results/unlearn/tofu_Llama-2-7b-chat-hf_forget10_GradAscent_llama2_7b_forget10_four_methods_2gpu/evals/TOFU_SUMMARY.json,tofu_Llama-2-7b-chat-hf_forget10_GradAscent_llama2_7b_forget10_four_methods_2gpu
Llama-2-7b-chat-hf,forget10,SimNPO,llama2_7b_forget10_four_methods_2gpu,final,,0.6007135536432738,1.4921665744660114e-16,0.5734272874323676,0.5085693359375,0.4938664365804516,0.20264313630173267,-92.74759763296791,2026-07-08T04:55:00,results/unlearn/tofu_Llama-2-7b-chat-hf_forget10_SimNPO_llama2_7b_forget10_four_methods_2gpu/evals/TOFU_SUMMARY.json,tofu_Llama-2-7b-chat-hf_forget10_SimNPO_llama2_7b_forget10_four_methods_2gpu
Llama-3.2-1B-Instruct,forget01,NPO,retry1,checkpoint,0,0.6007089968202051,0.01430154804770646,0.47369942006500076,0.90107421875,0.8649485835256756,0.7239685496628504,-99.43329395996537,2026-07-07T21:09:36,results/unlearn/tofu_Llama-3.2-1B-Instruct_forget01_NPO_retry1/checkpoint-0/evals/TOFU_SUMMARY.json,tofu_Llama-3.2-1B-Instruct_forget01_NPO_retry1
Llama-3.2-1B-Instruct,forget01,NPO,retry1,checkpoint,12,0.5470729121695526,0.5786001416508443,0.6260526017596637,0.11668701171875,0.3072606446230944,0.07250854961486894,26.90082644119936,2026-07-07T21:17:21,results/unlearn/tofu_Llama-3.2-1B-Instruct_forget01_NPO_retry1/checkpoint-12/evals/TOFU_SUMMARY.json,tofu_Llama-3.2-1B-Instruct_forget01_NPO_retry1
Llama-3.2-1B-Instruct,forget01,NPO,retry1,checkpoint,15,0.5424455407810814,0.5786001416508443,0.6376365380839685,0.0946319580078125,0.2995282084691482,0.06435205094112888,41.629279803234134,2026-07-07T21:19:17,results/unlearn/tofu_Llama-3.2-1B-Instruct_forget01_NPO_retry1/checkpoint-15/evals/TOFU_SUMMARY.json,tofu_Llama-3.2-1B-Instruct_forget01_NPO_retry1
Llama-3.2-1B-Instruct,forget01,NPO,retry1,checkpoint,18,0.5390361436548985,0.404587405685253,0.6397724333847539,0.08031005859375,0.2885801063065483,0.061437494705733064,51.375442729374164,2026-07-07T21:21:15,results/unlearn/tofu_Llama-3.2-1B-Instruct_forget01_NPO_retry1/checkpoint-18/evals/TOFU_SUMMARY.json,tofu_Llama-3.2-1B-Instruct_forget01_NPO_retry1
Llama-3.2-1B-Instruct,forget01,NPO,retry1,checkpoint,20,0.539860094546928,0.5786001416508443,0.6412590484455964,0.0775909423828125,0.29709415571499426,0.061437494705733064,53.61275087535058,2026-07-07T21:25:02,results/unlearn/tofu_Llama-3.2-1B-Instruct_forget01_NPO_retry1/checkpoint-20/evals/TOFU_SUMMARY.json,tofu_Llama-3.2-1B-Instruct_forget01_NPO_retry1
Llama-3.2-1B-Instruct,forget01,NPO,retry1,checkpoint,3,0.5994148875717032,0.006760732303569208,0.47376490969744445,0.87666015625,0.8132273743308541,0.6274403298206771,-99.39787483364384,2026-07-07T21:11:31,results/unlearn/tofu_Llama-3.2-1B-Instruct_forget01_NPO_retry1/checkpoint-3/evals/TOFU_SUMMARY.json,tofu_Llama-3.2-1B-Instruct_forget01_NPO_retry1
Llama-3.2-1B-Instruct,forget01,NPO,retry1,checkpoint,6,0.5859465600049099,0.003018184077228396,0.5255583557452668,0.4511962890625,0.4183548112506684,0.18248653926563158,-86.29279809467907,2026-07-07T21:13:29,results/unlearn/tofu_Llama-3.2-1B-Instruct_forget01_NPO_retry1/checkpoint-6/evals/TOFU_SUMMARY.json,tofu_Llama-3.2-1B-Instruct_forget01_NPO_retry1
Llama-3.2-1B-Instruct,forget01,NPO,retry1,checkpoint,9,0.5602025894472186,0.16497269950224194,0.5910710367713811,0.22862548828125,0.3722319067432153,0.11888469134973947,-31.056670596258495,2026-07-07T21:15:24,results/unlearn/tofu_Llama-3.2-1B-Instruct_forget01_NPO_retry1/checkpoint-9/evals/TOFU_SUMMARY.json,tofu_Llama-3.2-1B-Instruct_forget01_NPO_retry1
Llama-3.2-1B-Instruct,forget01,NPO,retry1,final,,0.5385376559886857,0.5786001416508443,0.6412703202959074,0.0776641845703125,0.29050749883738913,0.061437494705733064,53.48288074550499,2026-07-07T21:26:15,results/unlearn/tofu_Llama-3.2-1B-Instruct_forget01_NPO_retry1/evals/TOFU_SUMMARY.json,tofu_Llama-3.2-1B-Instruct_forget01_NPO_retry1
Llama-3.2-1B-Instruct,forget05,NPO,retry1,checkpoint,0,0.6007089968202051,1.4275699621532978e-12,0.4731509411277574,0.885546875,0.82584715613734,0.725318238434125,-99.50203888025376,2026-07-07T21:29:01,results/unlearn/tofu_Llama-3.2-1B-Instruct_forget05_NPO_retry1/checkpoint-0/evals/TOFU_SUMMARY.json,tofu_Llama-3.2-1B-Instruct_forget05_NPO_retry1
Llama-3.2-1B-Instruct,forget05,NPO,retry1,checkpoint,104,0.4895452919570152,0.46628639073563594,0.6753217974836203,0.0851495361328125,0.23914797898777132,0.06577405123787808,22.57390997136546,2026-07-07T21:52:59,results/unlearn/tofu_Llama-3.2-1B-Instruct_forget05_NPO_retry1/checkpoint-104/evals/TOFU_SUMMARY.json,tofu_Llama-3.2-1B-Instruct_forget05_NPO_retry1
Llama-3.2-1B-Instruct,forget05,NPO,retry1,checkpoint,117,0.4915390752170747,0.46628639073563594,0.6734693602601157,0.08458824157714843,0.24389398577985574,0.06571498496395436,23.734512229652687,2026-07-07T21:56:12,results/unlearn/tofu_Llama-3.2-1B-Instruct_forget05_NPO_retry1/checkpoint-117/evals/TOFU_SUMMARY.json,tofu_Llama-3.2-1B-Instruct_forget05_NPO_retry1
Llama-3.2-1B-Instruct,forget05,NPO,retry1,checkpoint,120,0.49103907555349247,0.5452713464323318,0.6730915418085515,0.08406387329101563,0.24639789388677946,0.06548691478851577,23.863903697637408,2026-07-07T22:00:59,results/unlearn/tofu_Llama-3.2-1B-Instruct_forget05_NPO_retry1/checkpoint-120/evals/TOFU_SUMMARY.json,tofu_Llama-3.2-1B-Instruct_forget05_NPO_retry1
Llama-3.2-1B-Instruct,forget05,NPO,retry1,checkpoint,13,0.5086265484644282,1.2127544312107394e-10,0.5645760546205829,0.470693359375,0.38143227121557294,0.17519512414381924,-90.54658091428065,2026-07-07T21:31:40,results/unlearn/tofu_Llama-3.2-1B-Instruct_forget05_NPO_retry1/checkpoint-13/evals/TOFU_SUMMARY.json,tofu_Llama-3.2-1B-Instruct_forget05_NPO_retry1
Llama-3.2-1B-Instruct,forget05,NPO,retry1,checkpoint,26,0.2881576670267299,0.03956202584899502,0.7114492367053259,0.110546875,0.15718551107188644,0.06263877714248954,-40.060382678786,2026-07-07T21:33:51,results/unlearn/tofu_Llama-3.2-1B-Instruct_forget05_NPO_retry1/checkpoint-26/evals/TOFU_SUMMARY.json,tofu_Llama-3.2-1B-Instruct_forget05_NPO_retry1
Llama-3.2-1B-Instruct,forget05,NPO,retry1,checkpoint,39,0.3490200459652566,0.0878382826713132,0.7200696574753763,0.131519775390625,0.15886950939937056,0.06848762484463898,-23.292424714038194,2026-07-07T21:36:30,results/unlearn/tofu_Llama-3.2-1B-Instruct_forget05_NPO_retry1/checkpoint-39/evals/TOFU_SUMMARY.json,tofu_Llama-3.2-1B-Instruct_forget05_NPO_retry1
Llama-3.2-1B-Instruct,forget05,NPO,retry1,checkpoint,52,0.3795983077954345,0.0878382826713132,0.7112199292924636,0.1273333740234375,0.16726245864278028,0.06871296367625744,-5.885351316517359,2026-07-07T21:40:10,results/unlearn/tofu_Llama-3.2-1B-Instruct_forget05_NPO_retry1/checkpoint-52/evals/TOFU_SUMMARY.json,tofu_Llama-3.2-1B-Instruct_forget05_NPO_retry1
Llama-3.2-1B-Instruct,forget05,NPO,retry1,checkpoint,65,0.43532477553191207,0.17793352788293415,0.6994460280283664,0.11986282348632812,0.2310536732014214,0.06561270399190923,0.9243648053757318,2026-07-07T21:43:36,results/unlearn/tofu_Llama-3.2-1B-Instruct_forget05_NPO_retry1/checkpoint-65/evals/TOFU_SUMMARY.json,tofu_Llama-3.2-1B-Instruct_forget05_NPO_retry1
Llama-3.2-1B-Instruct,forget05,NPO,retry1,checkpoint,78,0.4661318527419004,0.39352743357720954,0.6844307430793066,0.09990425109863281,0.23196964434582687,0.06308125872812559,10.247412169032723,2026-07-07T21:46:54,results/unlearn/tofu_Llama-3.2-1B-Instruct_forget05_NPO_retry1/checkpoint-78/evals/TOFU_SUMMARY.json,tofu_Llama-3.2-1B-Instruct_forget05_NPO_retry1
Llama-3.2-1B-Instruct,forget05,NPO,retry1,checkpoint,91,0.48070034741147044,0.46628639073563594,0.6784905359847501,0.08782157897949219,0.2338070760786129,0.06756837313330291,19.15483845370847,2026-07-07T21:49:48,results/unlearn/tofu_Llama-3.2-1B-Instruct_forget05_NPO_retry1/checkpoint-91/evals/TOFU_SUMMARY.json,tofu_Llama-3.2-1B-Instruct_forget05_NPO_retry1
Llama-3.2-1B-Instruct,forget05,NPO,retry1,final,,0.48999871352909674,0.5452713464323318,0.672262239410947,0.08401443481445313,0.2450316157684812,0.06530717622642426,30.603042655175184,2026-07-07T22:02:31,results/unlearn/tofu_Llama-3.2-1B-Instruct_forget05_NPO_retry1/evals/TOFU_SUMMARY.json,tofu_Llama-3.2-1B-Instruct_forget05_NPO_retry1
Llama-3.2-1B-Instruct,forget10,GradAscent,retry1,checkpoint,0,0.6007089968202051,3.4004838027527454e-21,0.4756858977962338,0.880498046875,0.8190670204567386,0.7041641356725213,-99.4523293556393,2026-07-07T19:59:48,results/unlearn/tofu_Llama-3.2-1B-Instruct_forget10_GradAscent_retry1/checkpoint-0/evals/TOFU_SUMMARY.json,tofu_Llama-3.2-1B-Instruct_forget10_GradAscent_retry1
Llama-3.2-1B-Instruct,forget10,GradAscent,retry1,checkpoint,100,0.0,1.0635896769518578e-239,2.4583522339481308e-26,3.716799490873578e-36,0.0,0.03250892997513522,-9.496163267073575,2026-07-07T20:58:49,results/unlearn/tofu_Llama-3.2-1B-Instruct_forget10_GradAscent_retry1/checkpoint-100/evals/TOFU_SUMMARY.json,tofu_Llama-3.2-1B-Instruct_forget10_GradAscent_retry1
Llama-3.2-1B-Instruct,forget10,GradAscent,retry1,checkpoint,125,0.0,1.0635896769518578e-239,2.930269256178173e-27,3.1787686092512643e-37,0.0,0.03250892997513522,-1.168735194481782,2026-07-07T21:13:51,results/unlearn/tofu_Llama-3.2-1B-Instruct_forget10_GradAscent_retry1/checkpoint-125/evals/TOFU_SUMMARY.json,tofu_Llama-3.2-1B-Instruct_forget10_GradAscent_retry1
Llama-3.2-1B-Instruct,forget10,GradAscent,retry1,checkpoint,150,0.0,1.0635896769518578e-239,6.704558363212607e-28,4.6903142952770853e-38,0.0,0.03250892997513522,8.854852097126228,2026-07-07T21:28:55,results/unlearn/tofu_Llama-3.2-1B-Instruct_forget10_GradAscent_retry1/checkpoint-150/evals/TOFU_SUMMARY.json,tofu_Llama-3.2-1B-Instruct_forget10_GradAscent_retry1
Llama-3.2-1B-Instruct,forget10,GradAscent,retry1,checkpoint,175,0.0,1.0635896769518578e-239,3.3367053268729996e-28,1.1770555542569732e-38,0.0,0.03250892997513522,14.522382617963226,2026-07-07T21:43:58,results/unlearn/tofu_Llama-3.2-1B-Instruct_forget10_GradAscent_retry1/checkpoint-175/evals/TOFU_SUMMARY.json,tofu_Llama-3.2-1B-Instruct_forget10_GradAscent_retry1
Llama-3.2-1B-Instruct,forget10,GradAscent,retry1,checkpoint,200,0.0,1.0635896769518578e-239,1.772036078202586e-28,3.9459416811684875e-39,0.0,0.03250892997513522,22.453483424518073,2026-07-07T21:58:58,results/unlearn/tofu_Llama-3.2-1B-Instruct_forget10_GradAscent_retry1/checkpoint-200/evals/TOFU_SUMMARY.json,tofu_Llama-3.2-1B-Instruct_forget10_GradAscent_retry1
Llama-3.2-1B-Instruct,forget10,GradAscent,retry1,checkpoint,225,0.0,1.0635896769518578e-239,1.6157329334891293e-28,1.5224029375590994e-39,0.0,0.03250892997513522,23.555910992115017,2026-07-07T22:14:01,results/unlearn/tofu_Llama-3.2-1B-Instruct_forget10_GradAscent_retry1/checkpoint-225/evals/TOFU_SUMMARY.json,tofu_Llama-3.2-1B-Instruct_forget10_GradAscent_retry1
Llama-3.2-1B-Instruct,forget10,GradAscent,retry1,checkpoint,25,0.0,1.0635896769518578e-239,0.00010680359177356369,1.8506203514068176e-14,0.0,0.03250892997513522,-24.78994148330021,2026-07-07T20:14:25,results/unlearn/tofu_Llama-3.2-1B-Instruct_forget10_GradAscent_retry1/checkpoint-25/evals/TOFU_SUMMARY.json,tofu_Llama-3.2-1B-Instruct_forget10_GradAscent_retry1
Llama-3.2-1B-Instruct,forget10,GradAscent,retry1,checkpoint,250,0.0,1.0635896769518578e-239,1.3772557761439646e-28,1.1442702821285706e-39,0.0,0.03250892997513522,25.637261845172244,2026-07-07T22:43:32,results/unlearn/tofu_Llama-3.2-1B-Instruct_forget10_GradAscent_retry1/checkpoint-250/evals/TOFU_SUMMARY.json,tofu_Llama-3.2-1B-Instruct_forget10_GradAscent_retry1
Llama-3.2-1B-Instruct,forget10,GradAscent,retry1,checkpoint,50,0.0,1.0635896769518578e-239,4.331821151938814e-24,1.4097240765349589e-33,0.0,0.03250892997513522,-20.719867988788256,2026-07-07T20:29:03,results/unlearn/tofu_Llama-3.2-1B-Instruct_forget10_GradAscent_retry1/checkpoint-50/evals/TOFU_SUMMARY.json,tofu_Llama-3.2-1B-Instruct_forget10_GradAscent_retry1
Llama-3.2-1B-Instruct,forget10,GradAscent,retry1,checkpoint,75,0.0,1.0635896769518578e-239,2.8736406067280513e-25,7.096718716396426e-35,0.0,0.03250892997513522,-15.895608509097508,2026-07-07T20:43:48,results/unlearn/tofu_Llama-3.2-1B-Instruct_forget10_GradAscent_retry1/checkpoint-75/evals/TOFU_SUMMARY.json,tofu_Llama-3.2-1B-Instruct_forget10_GradAscent_retry1
Llama-3.2-1B-Instruct,forget10,GradAscent,retry1,final,,0.0,1.0635896769518578e-239,1.3554077541219867e-28,1.1479437019748901e-39,0.0,0.03250892997513522,25.799234674203937,2026-07-07T22:48:59,results/unlearn/tofu_Llama-3.2-1B-Instruct_forget10_GradAscent_retry1/evals/TOFU_SUMMARY.json,tofu_Llama-3.2-1B-Instruct_forget10_GradAscent_retry1
Llama-3.2-1B-Instruct,forget10,NPO,retry1,checkpoint,0,0.6007089968202051,3.4004838027527454e-21,0.4756858977962338,0.880498046875,0.8190670204567386,0.7041641356725213,-99.4523293556393,2026-07-07T18:33:52,results/unlearn/tofu_Llama-3.2-1B-Instruct_forget10_NPO_retry1/checkpoint-0/evals/TOFU_SUMMARY.json,tofu_Llama-3.2-1B-Instruct_forget10_NPO_retry1
Llama-3.2-1B-Instruct,forget10,NPO,retry1,checkpoint,100,0.5134148608219868,0.02424717195471133,0.648696278559044,0.12644264221191406,0.20914518278493538,0.07567046013597295,-0.5304610150787903,2026-07-07T18:57:02,results/unlearn/tofu_Llama-3.2-1B-Instruct_forget10_NPO_retry1/checkpoint-100/evals/TOFU_SUMMARY.json,tofu_Llama-3.2-1B-Instruct_forget10_NPO_retry1
Llama-3.2-1B-Instruct,forget10,NPO,retry1,checkpoint,125,0.5392027736793741,0.02985302150862578,0.6284028452849029,0.09929967880249023,0.24373643356664892,0.07376920162047128,7.160717538472884,2026-07-07T19:04:25,results/unlearn/tofu_Llama-3.2-1B-Instruct_forget10_NPO_retry1/checkpoint-125/evals/TOFU_SUMMARY.json,tofu_Llama-3.2-1B-Instruct_forget10_NPO_retry1
Llama-3.2-1B-Instruct,forget10,NPO,retry1,checkpoint,150,0.5508057827199019,0.019594795142993927,0.6215047502217046,0.09592035293579101,0.26132136196429817,0.07740247921942583,10.00131602761617,2026-07-07T19:11:27,results/unlearn/tofu_Llama-3.2-1B-Instruct_forget10_NPO_retry1/checkpoint-150/evals/TOFU_SUMMARY.json,tofu_Llama-3.2-1B-Instruct_forget10_NPO_retry1
Llama-3.2-1B-Instruct,forget10,NPO,retry1,checkpoint,175,0.5648738333153646,0.015755280926407406,0.6198669417753112,0.09443083763122559,0.26043362049696994,0.07811476411611823,12.522524344512561,2026-07-07T19:18:23,results/unlearn/tofu_Llama-3.2-1B-Instruct_forget10_NPO_retry1/checkpoint-175/evals/TOFU_SUMMARY.json,tofu_Llama-3.2-1B-Instruct_forget10_NPO_retry1
Llama-3.2-1B-Instruct,forget10,NPO,retry1,checkpoint,200,0.5710114214409198,0.02424717195471133,0.6225536614205773,0.09218748092651367,0.25727196640498723,0.0781041869162276,14.537567570684931,2026-07-07T19:25:03,results/unlearn/tofu_Llama-3.2-1B-Instruct_forget10_NPO_retry1/checkpoint-200/evals/TOFU_SUMMARY.json,tofu_Llama-3.2-1B-Instruct_forget10_NPO_retry1
Llama-3.2-1B-Instruct,forget10,NPO,retry1,checkpoint,225,0.5713414822481006,0.006260402267679663,0.6113492125808878,0.08304420471191407,0.27419133143099234,0.07726774984813325,12.225405436257562,2026-07-07T19:32:09,results/unlearn/tofu_Llama-3.2-1B-Instruct_forget10_NPO_retry1/checkpoint-225/evals/TOFU_SUMMARY.json,tofu_Llama-3.2-1B-Instruct_forget10_NPO_retry1
Llama-3.2-1B-Instruct,forget10,NPO,retry1,checkpoint,25,0.30848029876215843,9.12384805543942e-06,0.6904433749973978,0.1391278076171875,0.1737035076139187,0.06798263719295522,-61.215099907073736,2026-07-07T18:38:33,results/unlearn/tofu_Llama-3.2-1B-Instruct_forget10_NPO_retry1/checkpoint-25/evals/TOFU_SUMMARY.json,tofu_Llama-3.2-1B-Instruct_forget10_NPO_retry1
Llama-3.2-1B-Instruct,forget10,NPO,retry1,checkpoint,250,0.5775608168966531,0.010032513978788836,0.6099196497536713,0.08215557098388672,0.266834709743782,0.07756677890115167,13.146119736284573,2026-07-07T19:43:50,results/unlearn/tofu_Llama-3.2-1B-Instruct_forget10_NPO_retry1/checkpoint-250/evals/TOFU_SUMMARY.json,tofu_Llama-3.2-1B-Instruct_forget10_NPO_retry1
Llama-3.2-1B-Instruct,forget10,NPO,retry1,checkpoint,50,0.19975317054166278,0.0017621899205092087,0.7185154297762111,0.15303314208984375,0.08271652521575067,0.07048189927493685,-42.74513574655379,2026-07-07T18:44:34,results/unlearn/tofu_Llama-3.2-1B-Instruct_forget10_NPO_retry1/checkpoint-50/evals/TOFU_SUMMARY.json,tofu_Llama-3.2-1B-Instruct_forget10_NPO_retry1
Llama-3.2-1B-Instruct,forget10,NPO,retry1,checkpoint,75,0.47080719162383095,0.00794521285574355,0.6587298316808244,0.15135238647460938,0.1605206083647894,0.07380560079669592,-28.09773035118175,2026-07-07T18:50:37,results/unlearn/tofu_Llama-3.2-1B-Instruct_forget10_NPO_retry1/checkpoint-75/evals/TOFU_SUMMARY.json,tofu_Llama-3.2-1B-Instruct_forget10_NPO_retry1
Llama-3.2-1B-Instruct,forget10,NPO,retry1,final,,0.5759310394524192,0.004907932356726081,0.6101001854475129,0.0815581226348877,0.2659676736651577,0.07855852355616182,13.07373812831104,2026-07-07T19:46:35,results/unlearn/tofu_Llama-3.2-1B-Instruct_forget10_NPO_retry1/evals/TOFU_SUMMARY.json,tofu_Llama-3.2-1B-Instruct_forget10_NPO_retry1
